date,maturityCode,maturityDate,cofDiv100pct,cofDivMarket
2024-04-02,3M,2024-07-02,0.005250634290238946,0.005250634290238946
2024-04-02,6M,2024-10-02,0.005385029038334631,0.005385029038334631
2024-04-02,1Y,2025-04-02,0.005710439792584778,0.005710439792584778
2024-04-02,2Y,2026-04-02,0.0057627649932871,0.0057627649932871
2024-04-03,3M,2024-07-03,0.005411137198639654,0.005411137198639654
2024-04-03,6M,2024-10-03,0.005400998756512713,0.005400998756512713
2024-04-03,1Y,2025-04-03,0.005862048598129868,0.005862048598129868
2024-04-03,2Y,2026-04-03,0.005846952786237905,0.005846952786237905
2024-04-04,3M,2024-07-04,0.005522700051485952,0.005522700051485952
2024-04-04,6M,2024-10-04,0.005535445102707127,0.005535445102707127
2024-04-04,1Y,2025-04-04,0.005977550888207817,0.005977550888207817
2024-04-04,2Y,2026-04-04,0.005859916086544815,0.005859916086544815
2024-04-05,3M,2024-07-05,0.005776437558704566,0.005776437558704566
2024-04-05,6M,2024-10-05,0.005670246400661526,0.005670246400661526
2024-04-05,1Y,2025-04-05,0.006140397801921357,0.006140397801921357
2024-04-05,2Y,2026-04-05,0.005914661137121032,0.005914661137121032
2024-04-08,3M,2024-07-08,0.005651767382931047,0.005651767382931047
2024-04-08,6M,2024-10-08,0.005597950138975438,0.005597950138975438
2024-04-08,1Y,2025-04-08,0.00613101051391844,0.00613101051391844
2024-04-08,2Y,2026-04-08,0.005918801729268853,0.005918801729268853
2024-04-09,3M,2024-07-09,0.005991769511943111,0.005991769511943111
2024-04-09,6M,2024-10-09,0.0057421712887547206,0.0057421712887547206
2024-04-09,1Y,2025-04-09,0.006104088315995323,0.006104088315995323
2024-04-09,2Y,2026-04-09,0.0058867624682633,0.0058867624682633
2024-04-10,3M,2024-07-10,0.005410641206225861,0.005410641206225861
2024-04-10,6M,2024-10-10,0.005526070545496154,0.005526070545496154
2024-04-10,1Y,2025-04-10,0.006142576941148561,0.006142576941148561
2024-04-10,2Y,2026-04-10,0.005890889496400549,0.005890889496400549
2024-04-11,3M,2024-07-11,0.005368536474942182,0.005368536474942182
2024-04-11,6M,2024-10-11,0.005503976159929966,0.005503976159929966
2024-04-11,1Y,2025-04-11,0.006144476025271769,0.006144476025271769
2024-04-11,2Y,2026-04-11,0.005895069967364133,0.005895069967364133
2024-04-12,3M,2024-07-12,0.004791499883909044,0.004791499883909044
2024-04-12,6M,2024-10-12,0.0052376041917931776,0.0052376041917931776
2024-04-12,1Y,2025-04-12,0.006023631129907355,0.006023631129907355
2024-04-12,2Y,2026-04-12,0.005800844675609353,0.005800844675609353
2024-04-15,3M,2024-07-15,0.005147285446197022,0.005147285446197022
2024-04-15,6M,2024-10-15,0.005421001756724485,0.005421001756724485
2024-04-15,1Y,2025-04-15,0.006015912887316221,0.006015912887316221
2024-04-15,2Y,2026-04-15,0.005808892677500607,0.005808892677500607
2024-04-16,3M,2024-07-16,0.005184057610856285,0.005184057610856285
2024-04-16,6M,2024-10-16,0.005485088688656013,0.005485088688656013
2024-04-16,1Y,2025-04-16,0.006203968073782043,0.006203968073782043
2024-04-16,2Y,2026-04-16,0.0059496796101981475,0.0059496796101981475
2024-04-17,3M,2024-07-17,0.005259844985491077,0.005259844985491077
2024-04-17,6M,2024-10-17,0.005491569718627503,0.005491569718627503
2024-04-17,1Y,2025-04-17,0.006223525167387229,0.006223525167387229
2024-04-17,2Y,2026-04-17,0.005964335054863316,0.005964335054863316
2024-04-18,3M,2024-07-18,0.005118990923443934,0.005118990923443934
2024-04-18,6M,2024-10-18,0.005436178205970214,0.005436178205970214
2024-04-18,1Y,2025-04-18,0.006168902615025296,0.006168902615025296
2024-04-18,2Y,2026-04-18,0.00600961550464146,0.00600961550464146
2024-04-19,3M,2024-07-19,0.005657607355638778,0.005657607355638778
2024-04-19,6M,2024-10-19,0.005705714726737689,0.005705714726737689
2024-04-19,1Y,2025-04-19,0.006178094799265698,0.006178094799265698
2024-04-19,2Y,2026-04-19,0.006082112936987373,0.006082112936987373
2024-04-22,3M,2024-07-22,0.005916752429044459,0.005916752429044459
2024-04-22,6M,2024-10-22,0.005777824509244151,0.005777824509244151
2024-04-22,1Y,2025-04-22,0.006197730546159811,0.006197730546159811
2024-04-22,2Y,2026-04-22,0.006112497085273263,0.006112497085273263
2024-04-23,3M,2024-07-23,0.005240965856937399,0.005240965856937399
2024-04-23,6M,2024-10-23,0.0055044120765878725,0.0055044120765878725
2024-04-23,1Y,2025-04-23,0.006165882343752081,0.006165882343752081
2024-04-23,2Y,2026-04-23,0.0061174465273997935,0.0061174465273997935
2024-04-24,3M,2024-07-24,0.005196031986179476,0.005196031986179476
2024-04-24,6M,2024-10-24,0.005579414864250707,0.005579414864250707
2024-04-24,1Y,2025-04-24,0.006187536345912393,0.006187536345912393
2024-04-24,2Y,2026-04-24,0.006119404951783283,0.006119404951783283
2024-04-25,3M,2024-07-25,0.004729842912374156,0.004729842912374156
2024-04-25,6M,2024-10-25,0.005264979179794953,0.005264979179794953
2024-04-25,1Y,2025-04-25,0.006110726922900898,0.006110726922900898
2024-04-25,2Y,2026-04-25,0.006058104014863856,0.006058104014863856
2024-04-26,3M,2024-07-26,0.004685897068094872,0.004685897068094872
2024-04-26,6M,2024-10-26,0.005329114881901085,0.005329114881901085
2024-04-26,1Y,2025-04-26,0.0061481184383646486,0.0061481184383646486
2024-04-26,2Y,2026-04-26,0.006102543541794583,0.006102543541794583
2024-04-29,3M,2024-07-29,0.004509592144751659,0.004509592144751659
2024-04-29,6M,2024-10-29,0.005156750956386784,0.005156750956386784
2024-04-29,1Y,2025-04-29,0.006069249274200996,0.006069249274200996
2024-04-29,2Y,2026-04-29,0.0059956810913162715,0.0059956810913162715
2024-04-30,3M,2024-07-30,0.004290309123534112,0.004290309123534112
2024-04-30,6M,2024-10-30,0.005047600730646811,0.005047600730646811
2024-04-30,1Y,2025-04-30,0.005817544331192624,0.005817544331192624
2024-04-30,2Y,2026-04-30,0.005802092118765403,0.005802092118765403
2024-05-01,3M,2024-08-01,0.004075963824938589,0.004075963824938589
2024-05-01,6M,2024-11-01,0.004930606196573117,0.004930606196573117
2024-05-01,1Y,2025-05-01,0.0058014950102169985,0.0058014950102169985
2024-05-01,2Y,2026-05-01,0.005778791374868247,0.005778791374868247
2024-05-02,3M,2024-08-02,0.004062063413660957,0.004062063413660957
2024-05-02,6M,2024-11-02,0.004905752288028088,0.004905752288028088
2024-05-02,1Y,2025-05-02,0.005683015438431015,0.005683015438431015
2024-05-02,2Y,2026-05-02,0.005746420509988645,0.005746420509988645
2024-05-03,3M,2024-08-03,0.004033901682263993,0.004033901682263993
2024-05-03,6M,2024-11-03,0.004863846722880178,0.004863846722880178
2024-05-03,1Y,2025-05-03,0.005679665211994109,0.005679665211994109
2024-05-03,2Y,2026-05-03,0.0057473611917216606,0.0057473611917216606
2024-05-06,3M,2024-08-06,0.00415896978108618,0.00415896978108618
2024-05-06,6M,2024-11-06,0.004944025575102213,0.004944025575102213
2024-05-06,1Y,2025-05-06,0.00571030102331652,0.00571030102331652
2024-05-06,2Y,2026-05-06,0.005746504291066655,0.005746504291066655
2024-05-07,3M,2024-08-07,0.0043579827225708485,0.0043579827225708485
2024-05-07,6M,2024-11-07,0.005051649166853819,0.005051649166853819
2024-05-07,1Y,2025-05-07,0.005682819094579874,0.005682819094579874
2024-05-07,2Y,2026-05-07,0.005761158570483449,0.005761158570483449
2024-05-08,3M,2024-08-08,0.004237940156904447,0.004237940156904447
2024-05-08,6M,2024-11-08,0.004991243295646615,0.004991243295646615
2024-05-08,1Y,2025-05-08,0.005617806203171557,0.005617806203171557
2024-05-08,2Y,2026-05-08,0.005767764095442491,0.005767764095442491
2024-05-09,3M,2024-08-09,0.004198118844368311,0.004198118844368311
2024-05-09,6M,2024-11-09,0.0049581962916325105,0.0049581962916325105
2024-05-09,1Y,2025-05-09,0.005706005762817071,0.005706005762817071
2024-05-09,2Y,2026-05-09,0.005819089231842736,0.005819089231842736
2024-05-10,3M,2024-08-10,0.0041881174166646055,0.0041881174166646055
2024-05-10,6M,2024-11-10,0.005020799611778111,0.005020799611778111
2024-05-10,1Y,2025-05-10,0.0056503717864763835,0.0056503717864763835
2024-05-10,2Y,2026-05-10,0.005827224626957808,0.005827224626957808
2024-05-13,3M,2024-08-13,0.004395157161407454,0.004395157161407454
2024-05-13,6M,2024-11-13,0.005133523666150683,0.005133523666150683
2024-05-13,1Y,2025-05-13,0.00578341236699332,0.00578341236699332
2024-05-13,2Y,2026-05-13,0.005858519759151355,0.005858519759151355
2024-05-14,3M,2024-08-14,0.00462713012037387,0.00462713012037387
2024-05-14,6M,2024-11-14,0.005249731328945403,0.005249731328945403
2024-05-14,1Y,2025-05-14,0.005866823226061403,0.005866823226061403
2024-05-14,2Y,2026-05-14,0.00592429611997129,0.00592429611997129
2024-05-15,3M,2024-08-15,0.004803008321156511,0.004803008321156511
2024-05-15,6M,2024-11-15,0.005441703738423055,0.005441703738423055
2024-05-15,1Y,2025-05-15,0.006082842334367825,0.006082842334367825
2024-05-15,2Y,2026-05-15,0.006066451512382567,0.006066451512382567
2024-05-16,3M,2024-08-16,0.005064171306251631,0.005064171306251631
2024-05-16,6M,2024-11-16,0.005569052160069065,0.005569052160069065
2024-05-16,1Y,2025-05-16,0.006135283519378764,0.006135283519378764
2024-05-16,2Y,2026-05-16,0.006103056524492696,0.006103056524492696
2024-05-17,3M,2024-08-17,0.005476144310725769,0.005476144310725769
2024-05-17,6M,2024-11-17,0.005831490752532566,0.005831490752532566
2024-05-17,1Y,2025-05-17,0.006405131602627407,0.006405131602627407
2024-05-17,2Y,2026-05-17,0.006203947485582627,0.006203947485582627
2024-05-20,3M,2024-08-20,0.005858251175534541,0.005858251175534541
2024-05-20,6M,2024-11-20,0.005980032124688967,0.005980032124688967
2024-05-20,1Y,2025-05-20,0.006484257795267925,0.006484257795267925
2024-05-20,2Y,2026-05-20,0.006384632091440557,0.006384632091440557
2024-05-21,3M,2024-08-21,0.006306277666652567,0.006306277666652567
2024-05-21,6M,2024-11-21,0.00627628253349099,0.00627628253349099
2024-05-21,1Y,2025-05-21,0.006622461149534094,0.006622461149534094
2024-05-21,2Y,2026-05-21,0.00641782068459854,0.00641782068459854
2024-05-22,3M,2024-08-22,0.006507224750725859,0.006507224750725859
2024-05-22,6M,2024-11-22,0.006411169377712227,0.006411169377712227
2024-05-22,1Y,2025-05-22,0.006715271796623632,0.006715271796623632
2024-05-22,2Y,2026-05-22,0.006506073647712803,0.006506073647712803
2024-05-23,3M,2024-08-23,0.005880070007158021,0.005880070007158021
2024-05-23,6M,2024-11-23,0.00628250724520788,0.00628250724520788
2024-05-23,1Y,2025-05-23,0.006732143145331899,0.006732143145331899
2024-05-23,2Y,2026-05-23,0.006495177989127883,0.006495177989127883
2024-05-24,3M,2024-08-24,0.006089136694613015,0.006089136694613015
2024-05-24,6M,2024-11-24,0.006391669828283854,0.006391669828283854
2024-05-24,1Y,2025-05-24,0.0067476604674684805,0.0067476604674684805
2024-05-24,2Y,2026-05-24,0.006553451732846016,0.006553451732846016
2024-05-28,3M,2024-08-28,0.006605096619145505,0.006605096619145505
2024-05-28,6M,2024-11-28,0.006518982865198733,0.006518982865198733
2024-05-28,1Y,2025-05-28,0.006759278669856586,0.006759278669856586
2024-05-28,2Y,2026-05-28,0.006557084661374898,0.006557084661374898
2024-05-29,3M,2024-08-29,0.007205349652053028,0.007205349652053028
2024-05-29,6M,2024-11-29,0.006759238858522512,0.006759238858522512
2024-05-29,1Y,2025-05-29,0.006911988204145691,0.006911988204145691
2024-05-29,2Y,2026-05-29,0.006612357798321675,0.006612357798321675
2024-05-30,3M,2024-08-30,0.007780279625647067,0.007780279625647067
2024-05-30,6M,2024-11-30,0.007105045574827544,0.007105045574827544
2024-05-30,1Y,2025-05-30,0.007341652617367998,0.007341652617367998
2024-05-30,2Y,2026-05-30,0.00695973042580007,0.00695973042580007
2024-05-31,3M,2024-08-31,0.007846038096802219,0.007846038096802219
2024-05-31,6M,2024-11-30,0.0072227846182157844,0.0072227846182157844
2024-05-31,1Y,2025-05-31,0.007391400954024179,0.007391400954024179
2024-05-31,2Y,2026-05-31,0.006993749060427807,0.006993749060427807
2024-06-03,3M,2024-09-03,0.007654837681988657,0.007654837681988657
2024-06-03,6M,2024-12-03,0.007171845108196666,0.007171845108196666
2024-06-03,1Y,2025-06-03,0.007405252176365938,0.007405252176365938
2024-06-03,2Y,2026-06-03,0.007000028907870921,0.007000028907870921
2024-06-04,3M,2024-09-04,0.007449922994903156,0.007449922994903156
2024-06-04,6M,2024-12-04,0.007147213911112017,0.007147213911112017
2024-06-04,1Y,2025-06-04,0.0073710242523918135,0.0073710242523918135
2024-06-04,2Y,2026-06-04,0.007062371329287454,0.007062371329287454
2024-06-05,3M,2024-09-05,0.007530788418773584,0.007530788418773584
2024-06-05,6M,2024-12-05,0.007216216153411763,0.007216216153411763
2024-06-05,1Y,2025-06-05,0.007413899778150685,0.007413899778150685
2024-06-05,2Y,2026-06-05,0.007057989058345389,0.007057989058345389
2024-06-06,3M,2024-09-06,0.00707923121155938,0.00707923121155938
2024-06-06,6M,2024-12-06,0.007154995720546624,0.007154995720546624
2024-06-06,1Y,2025-06-06,0.00740459128057219,0.00740459128057219
2024-06-06,2Y,2026-06-06,0.007057614024627745,0.007057614024627745
2024-06-07,3M,2024-09-07,0.007516029827348393,0.007516029827348393
2024-06-07,6M,2024-12-07,0.0071738184550492416,0.0071738184550492416
2024-06-07,1Y,2025-06-07,0.007342789912220221,0.007342789912220221
2024-06-07,2Y,2026-06-07,0.0070470195494844986,0.0070470195494844986
2024-06-10,3M,2024-09-10,0.007656823530075207,0.007656823530075207
2024-06-10,6M,2024-12-10,0.00719026053963925,0.00719026053963925
2024-06-10,1Y,2025-06-10,0.007306238711940849,0.007306238711940849
2024-06-10,2Y,2026-06-10,0.00706208198745952,0.00706208198745952
2024-06-11,3M,2024-09-11,0.007478851846625644,0.007478851846625644
2024-06-11,6M,2024-12-11,0.007177001162306114,0.007177001162306114
2024-06-11,1Y,2025-06-11,0.007304721487389988,0.007304721487389988
2024-06-11,2Y,2026-06-11,0.00711058907726412,0.00711058907726412
2024-06-12,3M,2024-09-12,0.007184288662144494,0.007184288662144494
2024-06-12,6M,2024-12-12,0.007096394587924233,0.007096394587924233
2024-06-12,1Y,2025-06-12,0.007324373289675835,0.007324373289675835
2024-06-12,2Y,2026-06-12,0.007100638351620685,0.007100638351620685
2024-06-13,3M,2024-09-13,0.006787981181814497,0.006787981181814497
2024-06-13,6M,2024-12-13,0.006976480013743785,0.006976480013743785
2024-06-13,1Y,2025-06-13,0.007229491052399414,0.007229491052399414
2024-06-13,2Y,2026-06-13,0.007049513773914664,0.007049513773914664
2024-06-14,3M,2024-09-14,0.0066116278844241365,0.0066116278844241365
2024-06-14,6M,2024-12-14,0.006771439198181869,0.006771439198181869
2024-06-14,1Y,2025-06-14,0.007218164431299861,0.007218164431299861
2024-06-14,2Y,2026-06-14,0.006927848825178908,0.006927848825178908
2024-06-17,3M,2024-09-17,0.0074401174373982,0.0074401174373982
2024-06-17,6M,2024-12-17,0.0071730463204616275,0.0071730463204616275
2024-06-17,1Y,2025-06-17,0.0073427213559447745,0.0073427213559447745
2024-06-17,2Y,2026-06-17,0.007072584484113762,0.007072584484113762
2024-06-18,3M,2024-09-18,0.008867863580529317,0.008867863580529317
2024-06-18,6M,2024-12-18,0.007850777160344161,0.007850777160344161
2024-06-18,1Y,2025-06-18,0.007651479826746642,0.007651479826746642
2024-06-18,2Y,2026-06-18,0.007216140861393586,0.007216140861393586
2024-06-20,3M,2024-09-20,0.008155487655339482,0.008155487655339482
2024-06-20,6M,2024-12-20,0.007819073473080088,0.007819073473080088
2024-06-20,1Y,2025-06-20,0.007563305350650278,0.007563305350650278
2024-06-20,2Y,2026-06-20,0.007204387772231225,0.007204387772231225
2024-06-21,3M,2024-09-21,0.008629361341173588,0.008629361341173588
2024-06-21,6M,2024-12-21,0.0078368789939747,0.0078368789939747
2024-06-21,1Y,2025-06-21,0.007544698387083478,0.007544698387083478
2024-06-21,2Y,2026-06-21,0.0072053026279197355,0.0072053026279197355
2024-06-24,3M,2024-09-24,0.008890620963142401,0.008890620963142401
2024-06-24,6M,2024-12-24,0.008115487273346374,0.008115487273346374
2024-06-24,1Y,2025-06-24,0.00780269452040544,0.00780269452040544
2024-06-24,2Y,2026-06-24,0.0074418557257103935,0.0074418557257103935
2024-06-25,3M,2024-09-25,0.008677678904756155,0.008677678904756155
2024-06-25,6M,2024-12-25,0.008097383894810796,0.008097383894810796
2024-06-25,1Y,2025-06-25,0.00782889030631631,0.00782889030631631
2024-06-25,2Y,2026-06-25,0.007475605090023905,0.007475605090023905
2024-06-26,3M,2024-09-26,0.008571981041335823,0.008571981041335823
2024-06-26,6M,2024-12-26,0.007951113105297399,0.007951113105297399
2024-06-26,1Y,2025-06-26,0.0077897334190203185,0.0077897334190203185
2024-06-26,2Y,2026-06-26,0.007643354783239249,0.007643354783239249
2024-06-27,3M,2024-09-27,0.007676114674663121,0.007676114674663121
2024-06-27,6M,2024-12-27,0.00765742820989331,0.00765742820989331
2024-06-27,1Y,2025-06-27,0.007650843587823175,0.007650843587823175
2024-06-27,2Y,2026-06-27,0.007409471155377655,0.007409471155377655
2024-06-28,3M,2024-09-28,0.007324515493934476,0.007324515493934476
2024-06-28,6M,2024-12-28,0.007467372222892379,0.007467372222892379
2024-06-28,1Y,2025-06-28,0.0073495587862861325,0.0073495587862861325
2024-06-28,2Y,2026-06-28,0.007248971192298988,0.007248971192298988
2024-07-01,3M,2024-10-01,0.007652879114256722,0.007652879114256722
2024-07-01,6M,2025-01-01,0.007545770704560838,0.007545770704560838
2024-07-01,1Y,2025-07-01,0.007237809404997365,0.007237809404997365
2024-07-01,2Y,2026-07-01,0.007155019909046892,0.007155019909046892
2024-07-02,3M,2024-10-02,0.0073254330850899135,0.0073254330850899135
2024-07-02,6M,2025-01-02,0.007442818331810702,0.007442818331810702
2024-07-02,1Y,2025-07-02,0.007235266171839247,0.007235266171839247
2024-07-02,2Y,2026-07-02,0.007146257370994169,0.007146257370994169
2024-07-03,3M,2024-10-03,0.006764353706750138,0.006764353706750138
2024-07-03,6M,2025-01-03,0.00731572857813992,0.00731572857813992
2024-07-03,1Y,2025-07-03,0.007315108286495096,0.007315108286495096
2024-07-03,2Y,2026-07-03,0.007188208333654162,0.007188208333654162
2024-07-05,3M,2024-10-05,0.00679077926834849,0.00679077926834849
2024-07-05,6M,2025-01-05,0.007381580909559548,0.007381580909559548
2024-07-05,1Y,2025-07-05,0.0073658526336398055,0.0073658526336398055
2024-07-05,2Y,2026-07-05,0.0071590059781558016,0.0071590059781558016
2024-07-08,3M,2024-10-08,0.006642524845265384,0.006642524845265384
2024-07-08,6M,2025-01-08,0.00728076005823439,0.00728076005823439
2024-07-08,1Y,2025-07-08,0.007340827910688247,0.007340827910688247
2024-07-08,2Y,2026-07-08,0.00715865191483287,0.00715865191483287
2024-07-09,3M,2024-10-09,0.006597758539938412,0.006597758539938412
2024-07-09,6M,2025-01-09,0.007232521646472397,0.007232521646472397
2024-07-09,1Y,2025-07-09,0.007286373863994081,0.007286373863994081
2024-07-09,2Y,2026-07-09,0.007047129403143783,0.007047129403143783
2024-07-10,3M,2024-10-10,0.006506512621012287,0.006506512621012287
2024-07-10,6M,2025-01-10,0.00712121673391994,0.00712121673391994
2024-07-10,1Y,2025-07-10,0.00713522517462442,0.00713522517462442
2024-07-10,2Y,2026-07-10,0.00695942771490629,0.00695942771490629
2024-07-11,3M,2024-10-11,0.006605267384944927,0.006605267384944927
2024-07-11,6M,2025-01-11,0.007053086242780424,0.007053086242780424
2024-07-11,1Y,2025-07-11,0.0070292478074682075,0.0070292478074682075
2024-07-11,2Y,2026-07-11,0.006847982641258975,0.006847982641258975
2024-07-12,3M,2024-10-12,0.007208923073185951,0.007208923073185951
2024-07-12,6M,2025-01-12,0.007586483116004951,0.007586483116004951
2024-07-12,1Y,2025-07-12,0.007306036434243416,0.007306036434243416
2024-07-12,2Y,2026-07-12,0.007086516914359918,0.007086516914359918
2024-07-15,3M,2024-10-15,0.007241021024772784,0.007241021024772784
2024-07-15,6M,2025-01-15,0.007621500135662077,0.007621500135662077
2024-07-15,1Y,2025-07-15,0.0072639794583821155,0.0072639794583821155
2024-07-15,2Y,2026-07-15,0.007069828053497057,0.007069828053497057
2024-07-16,3M,2024-10-16,0.0074541193711342895,0.0074541193711342895
2024-07-16,6M,2025-01-16,0.007969938880946216,0.007969938880946216
2024-07-16,1Y,2025-07-16,0.007499769918533521,0.007499769918533521
2024-07-16,2Y,2026-07-16,0.007155528592884853,0.007155528592884853
2024-07-17,3M,2024-10-17,0.007196251111024597,0.007196251111024597
2024-07-17,6M,2025-01-17,0.008043107801299165,0.008043107801299165
2024-07-17,1Y,2025-07-17,0.007498860535714265,0.007498860535714265
2024-07-17,2Y,2026-07-17,0.0071512241896080206,0.0071512241896080206
2024-07-18,3M,2024-10-18,0.0074589782284066,0.0074589782284066
2024-07-18,6M,2025-01-18,0.008048684063388932,0.008048684063388932
2024-07-18,1Y,2025-07-18,0.007490423989564653,0.007490423989564653
2024-07-18,2Y,2026-07-18,0.007124597979711412,0.007124597979711412
2024-07-19,3M,2024-10-19,0.007976043006449229,0.007976043006449229
2024-07-19,6M,2025-01-19,0.008422680115000806,0.008422680115000806
2024-07-19,1Y,2025-07-19,0.007587861147824768,0.007587861147824768
2024-07-19,2Y,2026-07-19,0.007185419868416007,0.007185419868416007
2024-07-22,3M,2024-10-22,0.00812935581039471,0.00812935581039471
2024-07-22,6M,2025-01-22,0.008402296619943066,0.008402296619943066
2024-07-22,1Y,2025-07-22,0.007636015802850022,0.007636015802850022
2024-07-22,2Y,2026-07-22,0.007298390107745399,0.007298390107745399
2024-07-23,3M,2024-10-23,0.007738761301506993,0.007738761301506993
2024-07-23,6M,2025-01-23,0.008439554801126473,0.008439554801126473
2024-07-23,1Y,2025-07-23,0.007692483979304918,0.007692483979304918
2024-07-23,2Y,2026-07-23,0.007301056915294605,0.007301056915294605
2024-07-24,3M,2024-10-24,0.0072438053529987785,0.0072438053529987785
2024-07-24,6M,2025-01-24,0.008224183166378794,0.008224183166378794
2024-07-24,1Y,2025-07-24,0.007490297839242639,0.007490297839242639
2024-07-24,2Y,2026-07-24,0.007212135035407846,0.007212135035407846
2024-07-25,3M,2024-10-25,0.007652197837444304,0.007652197837444304
2024-07-25,6M,2025-01-25,0.00838529443350853,0.00838529443350853
2024-07-25,1Y,2025-07-25,0.007638229569841601,0.007638229569841601
2024-07-25,2Y,2026-07-25,0.007232266502732301,0.007232266502732301
2024-07-26,3M,2024-10-26,0.007343319797656007,0.007343319797656007
2024-07-26,6M,2025-01-26,0.008358632304162816,0.008358632304162816
2024-07-26,1Y,2025-07-26,0.007531776432917327,0.007531776432917327
2024-07-26,2Y,2026-07-26,0.007131922708648223,0.007131922708648223
2024-07-29,3M,2024-10-29,0.00755770837752003,0.00755770837752003
2024-07-29,6M,2025-01-29,0.008401053588951478,0.008401053588951478
2024-07-29,1Y,2025-07-29,0.007680198057854061,0.007680198057854061
2024-07-29,2Y,2026-07-29,0.007267030459991126,0.007267030459991126
2024-07-30,3M,2024-10-30,0.007594468039122404,0.007594468039122404
2024-07-30,6M,2025-01-30,0.008459257829423649,0.008459257829423649
2024-07-30,1Y,2025-07-30,0.0077486085494532665,0.0077486085494532665
2024-07-30,2Y,2026-07-30,0.007304133221406309,0.007304133221406309
2024-07-31,3M,2024-10-31,0.007648613175017761,0.007648613175017761
2024-07-31,6M,2025-01-31,0.008532675472400346,0.008532675472400346
2024-07-31,1Y,2025-07-31,0.007697738617898369,0.007697738617898369
2024-07-31,2Y,2026-07-31,0.007356032648306613,0.007356032648306613
2024-08-01,3M,2024-11-01,0.007141724377119926,0.007141724377119926
2024-08-01,6M,2025-02-01,0.008296956756638696,0.008296956756638696
2024-08-01,1Y,2025-08-01,0.007486257677124176,0.007486257677124176
2024-08-01,2Y,2026-08-01,0.007355352346306955,0.007355352346306955
2024-08-02,3M,2024-11-02,0.006529995038580864,0.006529995038580864
2024-08-02,6M,2025-02-02,0.00811610732898992,0.00811610732898992
2024-08-02,1Y,2025-08-02,0.007308220452956449,0.007308220452956449
2024-08-02,2Y,2026-08-02,0.0072518969115726375,0.0072518969115726375
2024-08-05,3M,2024-11-05,0.006436082911396534,0.006436082911396534
2024-08-05,6M,2025-02-05,0.007394913294117018,0.007394913294117018
2024-08-05,1Y,2025-08-05,0.007036334607274601,0.007036334607274601
2024-08-05,2Y,2026-08-05,0.006916834546691377,0.006916834546691377
2024-08-06,3M,2024-11-06,0.006165222573285901,0.006165222573285901
2024-08-06,6M,2025-02-06,0.007136810192025218,0.007136810192025218
2024-08-06,1Y,2025-08-06,0.006919287943953689,0.006919287943953689
2024-08-06,2Y,2026-08-06,0.006908221518750988,0.006908221518750988
2024-08-07,3M,2024-11-07,0.006005622310789688,0.006005622310789688
2024-08-07,6M,2025-02-07,0.00713856282750922,0.00713856282750922
2024-08-07,1Y,2025-08-07,0.0069063872726271465,0.0069063872726271465
2024-08-07,2Y,2026-08-07,0.006769134741976147,0.006769134741976147
2024-08-08,3M,2024-11-08,0.005936515929559008,0.005936515929559008
2024-08-08,6M,2025-02-08,0.007019982652721733,0.007019982652721733
2024-08-08,1Y,2025-08-08,0.00679965253927034,0.00679965253927034
2024-08-08,2Y,2026-08-08,0.006839228566814265,0.006839228566814265
2024-08-09,3M,2024-11-09,0.005838076513970594,0.005838076513970594
2024-08-09,6M,2025-02-09,0.007087252091102322,0.007087252091102322
2024-08-09,1Y,2025-08-09,0.006930178246819277,0.006930178246819277
2024-08-09,2Y,2026-08-09,0.006893303524804813,0.006893303524804813
2024-08-12,3M,2024-11-12,0.005532287237727626,0.005532287237727626
2024-08-12,6M,2025-02-12,0.006991337753038366,0.006991337753038366
2024-08-12,1Y,2025-08-12,0.00688676147880212,0.00688676147880212
2024-08-12,2Y,2026-08-12,0.006963455643782371,0.006963455643782371
2024-08-13,3M,2024-11-13,0.005469245030053893,0.005469245030053893
2024-08-13,6M,2025-02-13,0.007174512575898543,0.007174512575898543
2024-08-13,1Y,2025-08-13,0.00691402479842552,0.00691402479842552
2024-08-13,2Y,2026-08-13,0.006919618594373845,0.006919618594373845
2024-08-14,3M,2024-11-14,0.005408408641310086,0.005408408641310086
2024-08-14,6M,2025-02-14,0.007176008836455795,0.007176008836455795
2024-08-14,1Y,2025-08-14,0.006981317780082472,0.006981317780082472
2024-08-14,2Y,2026-08-14,0.006939377515745239,0.006939377515745239
2024-08-15,3M,2024-11-15,0.00566,0.00566
2024-08-15,6M,2025-02-15,0.00761,0.00761
2024-08-15,1Y,2025-08-15,0.00721,0.00721
2024-08-15,2Y,2026-08-15,0.00735,0.00735
2024-08-16,3M,2024-11-16,0.005753976219038931,0.005753976219038931
2024-08-16,6M,2025-02-16,0.0072777805944626425,0.0072777805944626425
2024-08-16,1Y,2025-08-16,0.0069801287787754785,0.0069801287787754785
2024-08-16,2Y,2026-08-16,0.006985851696674785,0.006985851696674785
2024-08-19,3M,2024-11-19,0.005825251537809811,0.005825251537809811
2024-08-19,6M,2025-02-19,0.007306190430953053,0.007306190430953053
2024-08-19,1Y,2025-08-19,0.007001272282163773,0.007001272282163773
2024-08-19,2Y,2026-08-19,0.00700175111382647,0.00700175111382647
2024-08-20,3M,2024-11-20,0.005647727639994254,0.005647727639994254
2024-08-20,6M,2025-02-20,0.007247904832643901,0.007247904832643901
2024-08-20,1Y,2025-08-20,0.007038985190612077,0.007038985190612077
2024-08-20,2Y,2026-08-20,0.007062953696116421,0.007062953696116421
2024-08-21,3M,2024-11-21,0.005781716875897391,0.005781716875897391
2024-08-21,6M,2025-02-21,0.007146147066138337,0.007146147066138337
2024-08-21,1Y,2025-08-21,0.007041043769066256,0.007041043769066256
2024-08-21,2Y,2026-08-21,0.007064283063726434,0.007064283063726434
2024-08-22,3M,2024-11-22,0.00579225506019559,0.00579225506019559
2024-08-22,6M,2025-02-22,0.007162030831320112,0.007162030831320112
2024-08-22,1Y,2025-08-22,0.007024924052067911,0.007024924052067911
2024-08-22,2Y,2026-08-22,0.00705427132318993,0.00705427132318993
2024-08-23,3M,2024-11-23,0.006214775794799559,0.006214775794799559
2024-08-23,6M,2025-02-23,0.007280337766978426,0.007280337766978426
2024-08-23,1Y,2025-08-23,0.00710223661162764,0.00710223661162764
2024-08-23,2Y,2026-08-23,0.007069173522947898,0.007069173522947898
2024-08-26,3M,2024-11-26,0.006327980184614587,0.006327980184614587
2024-08-26,6M,2025-02-26,0.00730297130450625,0.00730297130450625
2024-08-26,1Y,2025-08-26,0.007127965860027082,0.007127965860027082
2024-08-26,2Y,2026-08-26,0.007068629492408031,0.007068629492408031
2024-08-27,3M,2024-11-27,0.006537166834418844,0.006537166834418844
2024-08-27,6M,2025-02-27,0.007300072874976726,0.007300072874976726
2024-08-27,1Y,2025-08-27,0.007136508501512842,0.007136508501512842
2024-08-27,2Y,2026-08-27,0.007053821427832646,0.007053821427832646
2024-08-28,3M,2024-11-28,0.0067784562730065084,0.0067784562730065084
2024-08-28,6M,2025-02-28,0.00729124968203468,0.00729124968203468
2024-08-28,1Y,2025-08-28,0.007146696050925554,0.007146696050925554
2024-08-28,2Y,2026-08-28,0.007058112584010047,0.007058112584010047
2024-08-29,3M,2024-11-29,0.0067614958688440195,0.0067614958688440195
2024-08-29,6M,2025-02-28,0.0074563127273592,0.0074563127273592
2024-08-29,1Y,2025-08-29,0.0071877571306965685,0.0071877571306965685
2024-08-29,2Y,2026-08-29,0.0071794265744143295,0.0071794265744143295
2024-08-30,3M,2024-11-30,0.006870064793713793,0.006870064793713793
2024-08-30,6M,2025-02-28,0.0074971880182350195,0.0074971880182350195
2024-08-30,1Y,2025-08-30,0.00722467678025754,0.00722467678025754
2024-08-30,2Y,2026-08-30,0.007215836399960054,0.007215836399960054
2024-09-03,3M,2024-12-03,0.007085997210897808,0.007085997210897808
2024-09-03,6M,2025-03-03,0.00747418758835211,0.00747418758835211
2024-09-03,1Y,2025-09-03,0.007224850722689547,0.007224850722689547
2024-09-03,2Y,2026-09-03,0.007208343295517088,0.007208343295517088
2024-09-04,3M,2024-12-04,0.006708459897177554,0.006708459897177554
2024-09-04,6M,2025-03-04,0.007631847926053864,0.007631847926053864
2024-09-04,1Y,2025-09-04,0.0073412277553623504,0.0073412277553623504
2024-09-04,2Y,2026-09-04,0.0072000186610767574,0.0072000186610767574
2024-09-05,3M,2024-12-05,0.0064934205697545705,0.0064934205697545705
2024-09-05,6M,2025-03-05,0.007724270039935555,0.007724270039935555
2024-09-05,1Y,2025-09-05,0.0073791046051050425,0.0073791046051050425
2024-09-05,2Y,2026-09-05,0.007204969321611277,0.007204969321611277
2024-09-06,3M,2024-12-06,0.0065514883541140274,0.0065514883541140274
2024-09-06,6M,2025-03-06,0.007606552520264707,0.007606552520264707
2024-09-06,1Y,2025-09-06,0.007235383193278371,0.007235383193278371
2024-09-06,2Y,2026-09-06,0.007179974313866076,0.007179974313866076
2024-09-09,3M,2024-12-09,0.00664756244398312,0.00664756244398312
2024-09-09,6M,2025-03-09,0.007725132585166753,0.007725132585166753
2024-09-09,1Y,2025-09-09,0.007381764434172081,0.007381764434172081
2024-09-09,2Y,2026-09-09,0.00723504374391019,0.00723504374391019
2024-09-10,3M,2024-12-10,0.006551024797454091,0.006551024797454091
2024-09-10,6M,2025-03-10,0.007686252773205693,0.007686252773205693
2024-09-10,1Y,2025-09-10,0.00726271518410646,0.00726271518410646
2024-09-10,2Y,2026-09-10,0.007186665589194335,0.007186665589194335
2024-09-11,3M,2024-12-11,0.006212433535566424,0.006212433535566424
2024-09-11,6M,2025-03-11,0.007633993217800887,0.007633993217800887
2024-09-11,1Y,2025-09-11,0.0072237485951372055,0.0072237485951372055
2024-09-11,2Y,2026-09-11,0.007124512596473913,0.007124512596473913
2024-09-12,3M,2024-12-12,0.00620065945544456,0.00620065945544456
2024-09-12,6M,2025-03-12,0.007335713020153732,0.007335713020153732
2024-09-12,1Y,2025-09-12,0.007151028962132357,0.007151028962132357
2024-09-12,2Y,2026-09-12,0.007101353753816834,0.007101353753816834
2024-09-13,3M,2024-12-13,0.007308190541453629,0.007308190541453629
2024-09-13,6M,2025-03-13,0.0079065690589882,0.0079065690589882
2024-09-13,1Y,2025-09-13,0.007493437250872441,0.007493437250872441
2024-09-13,2Y,2026-09-13,0.007184545680295051,0.007184545680295051
2024-09-16,3M,2024-12-16,0.007893648335475735,0.007893648335475735
2024-09-16,6M,2025-03-16,0.008188393740818358,0.008188393740818358
2024-09-16,1Y,2025-09-16,0.00744136993755812,0.00744136993755812
2024-09-16,2Y,2026-09-16,0.007329082964229794,0.007329082964229794
2024-09-17,3M,2024-12-17,0.007881559824942128,0.007881559824942128
2024-09-17,6M,2025-03-17,0.007973154917529361,0.007973154917529361
2024-09-17,1Y,2025-09-17,0.007277701937991316,0.007277701937991316
2024-09-17,2Y,2026-09-17,0.007311424419459922,0.007311424419459922
2024-09-18,3M,2024-12-18,0.007372628383763203,0.007372628383763203
2024-09-18,6M,2025-03-18,0.0076559883208367745,0.0076559883208367745
2024-09-18,1Y,2025-09-18,0.00718124033646014,0.00718124033646014
2024-09-18,2Y,2026-09-18,0.0073036507529454335,0.0073036507529454335
2024-09-19,3M,2024-12-19,0.007597946434389341,0.007597946434389341
2024-09-19,6M,2025-03-19,0.007739749003833252,0.007739749003833252
2024-09-19,1Y,2025-09-19,0.0072336840073235174,0.0072336840073235174
2024-09-19,2Y,2026-09-19,0.007308253907604246,0.007308253907604246
2024-09-20,3M,2024-12-20,0.007129933392115064,0.007129933392115064
2024-09-20,6M,2025-03-20,0.007852774474181989,0.007852774474181989
2024-09-20,1Y,2025-09-20,0.007420439551919282,0.007420439551919282
2024-09-20,2Y,2026-09-20,0.007306437539007785,0.007306437539007785
2024-09-23,3M,2024-12-23,0.0068972638014637416,0.0068972638014637416
2024-09-23,6M,2025-03-23,0.0075626421103250525,0.0075626421103250525
2024-09-23,1Y,2025-09-23,0.007271952935134276,0.007271952935134276
2024-09-23,2Y,2026-09-23,0.007279423622352648,0.007279423622352648
2024-09-24,3M,2024-12-24,0.007094272628806075,0.007094272628806075
2024-09-24,6M,2025-03-24,0.007836900866440547,0.007836900866440547
2024-09-24,1Y,2025-09-24,0.007303252009410505,0.007303252009410505
2024-09-24,2Y,2026-09-24,0.007450013481433405,0.007450013481433405
2024-09-25,3M,2024-12-25,0.007636509819379387,0.007636509819379387
2024-09-25,6M,2025-03-25,0.0081335341874778,0.0081335341874778
2024-09-25,1Y,2025-09-25,0.007408511655897091,0.007408511655897091
2024-09-25,2Y,2026-09-25,0.007468672727974489,0.007468672727974489
2024-09-26,3M,2024-12-26,0.008226224059314466,0.008226224059314466
2024-09-26,6M,2025-03-26,0.008430392451049398,0.008430392451049398
2024-09-26,1Y,2025-09-26,0.007804150212157822,0.007804150212157822
2024-09-26,2Y,2026-09-26,0.007656823450074747,0.007656823450074747
2024-09-27,3M,2024-12-27,0.009104139743208908,0.009104139743208908
2024-09-27,6M,2025-03-27,0.009417976701200313,0.009417976701200313
2024-09-27,1Y,2025-09-27,0.007987282817651055,0.007987282817651055
2024-09-27,2Y,2026-09-27,0.007717787043498139,0.007717787043498139
2024-09-30,3M,2024-12-30,0.008567138289803235,0.008567138289803235
2024-09-30,6M,2025-03-30,0.008467985507485022,0.008467985507485022
2024-09-30,1Y,2025-09-30,0.007739369401802341,0.007739369401802341
2024-09-30,2Y,2026-09-30,0.007704629244339914,0.007704629244339914
2024-10-01,3M,2025-01-01,0.007633054608833081,0.007633054608833081
2024-10-01,6M,2025-04-01,0.008061042381418837,0.008061042381418837
2024-10-01,1Y,2025-10-01,0.00748774510445748,0.00748774510445748
2024-10-01,2Y,2026-10-01,0.007551617345487758,0.007551617345487758
2024-10-02,3M,2025-01-02,0.007408293224695933,0.007408293224695933
2024-10-02,6M,2025-04-02,0.00799180459516098,0.00799180459516098
2024-10-02,1Y,2025-10-02,0.007470128282529976,0.007470128282529976
2024-10-02,2Y,2026-10-02,0.007555984637442786,0.007555984637442786
2024-10-03,3M,2025-01-03,0.007618707371790644,0.007618707371790644
2024-10-03,6M,2025-04-03,0.007940168384252187,0.007940168384252187
2024-10-03,1Y,2025-10-03,0.007425251274511647,0.007425251274511647
2024-10-03,2Y,2026-10-03,0.007624205987135396,0.007624205987135396
2024-10-04,3M,2025-01-04,0.00781903317134044,0.00781903317134044
2024-10-04,6M,2025-04-04,0.00804989540006716,0.00804989540006716
2024-10-04,1Y,2025-10-04,0.007628944349267591,0.007628944349267591
2024-10-04,2Y,2026-10-04,0.00774266171517137,0.00774266171517137
2024-10-07,3M,2025-01-07,0.007599646761235285,0.007599646761235285
2024-10-07,6M,2025-04-07,0.008028340130380758,0.008028340130380758
2024-10-07,1Y,2025-10-07,0.007615373105372287,0.007615373105372287
2024-10-07,2Y,2026-10-07,0.0077562358502065495,0.0077562358502065495
2024-10-08,3M,2025-01-08,0.008359335438750014,0.008359335438750014
2024-10-08,6M,2025-04-08,0.008177076542629697,0.008177076542629697
2024-10-08,1Y,2025-10-08,0.0076891758373227575,0.0076891758373227575
2024-10-08,2Y,2026-10-08,0.007767419982195758,0.007767419982195758
2024-10-09,3M,2025-01-09,0.008513751606342155,0.008513751606342155
2024-10-09,6M,2025-04-09,0.008231466988859525,0.008231466988859525
2024-10-09,1Y,2025-10-09,0.007710969999638868,0.007710969999638868
2024-10-09,2Y,2026-10-09,0.00781339109100209,0.00781339109100209
2024-10-10,3M,2025-01-10,0.008425607627244399,0.008425607627244399
2024-10-10,6M,2025-04-10,0.00803030867929527,0.00803030867929527
2024-10-10,1Y,2025-10-10,0.0076956737506480005,0.0076956737506480005
2024-10-10,2Y,2026-10-10,0.00781645141829046,0.00781645141829046
2024-10-11,3M,2025-01-11,0.009138631441366145,0.009138631441366145
2024-10-11,6M,2025-04-11,0.008053123661442417,0.008053123661442417
2024-10-11,1Y,2025-10-11,0.007718634462054492,0.007718634462054492
2024-10-11,2Y,2026-10-11,0.007911555473892929,0.007911555473892929
2024-10-14,3M,2025-01-14,0.00934389163543851,0.00934389163543851
2024-10-14,6M,2025-04-14,0.008007021709161049,0.008007021709161049
2024-10-14,1Y,2025-10-14,0.007306482165444888,0.007306482165444888
2024-10-14,2Y,2026-10-14,0.007931210123806279,0.007931210123806279
2024-10-15,3M,2025-01-15,0.010227363152362556,0.010227363152362556
2024-10-15,6M,2025-04-15,0.00862325627865138,0.00862325627865138
2024-10-15,1Y,2025-10-15,0.008024563382673754,0.008024563382673754
2024-10-15,2Y,2026-10-15,0.008023375100187656,0.008023375100187656
2024-10-16,3M,2025-01-16,0.010183138471778605,0.010183138471778605
2024-10-16,6M,2025-04-16,0.00879586940061359,0.00879586940061359
2024-10-16,1Y,2025-10-16,0.008206631659476545,0.008206631659476545
2024-10-16,2Y,2026-10-16,0.00821182332508163,0.00821182332508163
2024-10-17,3M,2025-01-17,0.010016538006771832,0.010016538006771832
2024-10-17,6M,2025-04-17,0.008766309233654953,0.008766309233654953
2024-10-17,1Y,2025-10-17,0.008212291833105404,0.008212291833105404
2024-10-17,2Y,2026-10-17,0.008179993088745485,0.008179993088745485
2024-10-18,3M,2025-01-18,0.010216359232104679,0.010216359232104679
2024-10-18,6M,2025-04-18,0.008885850379364648,0.008885850379364648
2024-10-18,1Y,2025-10-18,0.008232667666407022,0.008232667666407022
2024-10-18,2Y,2026-10-18,0.008185254958152066,0.008185254958152066
2024-10-21,3M,2025-01-21,0.010198118902386382,0.010198118902386382
2024-10-21,6M,2025-04-21,0.008750018458975703,0.008750018458975703
2024-10-21,1Y,2025-10-21,0.008216598390863961,0.008216598390863961
2024-10-21,2Y,2026-10-21,0.008185063771329095,0.008185063771329095
2024-10-22,3M,2025-01-22,0.010014522486287758,0.010014522486287758
2024-10-22,6M,2025-04-22,0.008677370572152744,0.008677370572152744
2024-10-22,1Y,2025-10-22,0.008225656483017766,0.008225656483017766
2024-10-22,2Y,2026-10-22,0.00811553768356101,0.00811553768356101
2024-10-23,3M,2025-01-23,0.010152340486668555,0.010152340486668555
2024-10-23,6M,2025-04-23,0.009016742882543931,0.009016742882543931
2024-10-23,1Y,2025-10-23,0.008212081920856252,0.008212081920856252
2024-10-23,2Y,2026-10-23,0.008165757711841587,0.008165757711841587
2024-10-24,3M,2025-01-24,0.010121406829681373,0.010121406829681373
2024-10-24,6M,2025-04-24,0.00917559187582945,0.00917559187582945
2024-10-24,1Y,2025-10-24,0.008418875801296563,0.008418875801296563
2024-10-24,2Y,2026-10-24,0.008403795195955804,0.008403795195955804
2024-10-25,3M,2025-01-25,0.010180772886997883,0.010180772886997883
2024-10-25,6M,2025-04-25,0.009418892562505088,0.009418892562505088
2024-10-25,1Y,2025-10-25,0.008537592448818722,0.008537592448818722
2024-10-25,2Y,2026-10-25,0.00846523475277398,0.00846523475277398
2024-10-28,3M,2025-01-28,0.011780224173771071,0.011780224173771071
2024-10-28,6M,2025-04-28,0.009669342509147933,0.009669342509147933
2024-10-28,1Y,2025-10-28,0.008794059859076591,0.008794059859076591
2024-10-28,2Y,2026-10-28,0.008590466152749021,0.008590466152749021
2024-10-29,3M,2025-01-29,0.012312609649049323,0.012312609649049323
2024-10-29,6M,2025-04-29,0.009985195496981243,0.009985195496981243
2024-10-29,1Y,2025-10-29,0.00890752187497808,0.00890752187497808
2024-10-29,2Y,2026-10-29,0.008672346255591162,0.008672346255591162
2024-10-30,3M,2025-01-30,0.012310825383457999,0.012310825383457999
2024-10-30,6M,2025-04-30,0.009976028204220033,0.009976028204220033
2024-10-30,1Y,2025-10-30,0.008907217589910437,0.008907217589910437
2024-10-30,2Y,2026-10-30,0.008686317242922929,0.008686317242922929
2024-10-31,3M,2025-01-31,0.011483607737545152,0.011483607737545152
2024-10-31,6M,2025-04-30,0.009702875824249566,0.009702875824249566
2024-10-31,1Y,2025-10-31,0.008812959992765131,0.008812959992765131
2024-10-31,2Y,2026-10-31,0.008679400075161742,0.008679400075161742
2024-11-01,3M,2025-02-01,0.010826782740955651,0.010826782740955651
2024-11-01,6M,2025-05-01,0.009465352650686541,0.009465352650686541
2024-11-01,1Y,2025-11-01,0.008719112773570093,0.008719112773570093
2024-11-01,2Y,2026-11-01,0.008682051010541057,0.008682051010541057
2024-11-04,3M,2025-02-04,0.011211261148779341,0.011211261148779341
2024-11-04,6M,2025-05-04,0.009736332383747494,0.009736332383747494
2024-11-04,1Y,2025-11-04,0.008779470502967377,0.008779470502967377
2024-11-04,2Y,2026-11-04,0.008681004522261771,0.008681004522261771
2024-11-05,3M,2025-02-05,0.011949920858737546,0.011949920858737546
2024-11-05,6M,2025-05-05,0.010001766394486546,0.010001766394486546
2024-11-05,1Y,2025-11-05,0.009005304967723076,0.009005304967723076
2024-11-05,2Y,2026-11-05,0.008789768005274473,0.008789768005274473
2024-11-06,3M,2025-02-06,0.012921005050716122,0.012921005050716122
2024-11-06,6M,2025-05-06,0.010631044724732893,0.010631044724732893
2024-11-06,1Y,2025-11-06,0.009196736666817354,0.009196736666817354
2024-11-06,2Y,2026-11-06,0.009015035742641024,0.009015035742641024
2024-11-07,3M,2025-02-07,0.011880096184732016,0.011880096184732016
2024-11-07,6M,2025-05-07,0.009962427757773045,0.009962427757773045
2024-11-07,1Y,2025-11-07,0.009011328262139245,0.009011328262139245
2024-11-07,2Y,2026-11-07,0.008912343658204808,0.008912343658204808
2024-11-08,3M,2025-02-08,0.012422611742222442,0.012422611742222442
2024-11-08,6M,2025-05-08,0.010191324981964301,0.010191324981964301
2024-11-08,1Y,2025-11-08,0.009013322288091066,0.009013322288091066
2024-11-08,2Y,2026-11-08,0.00889669199896369,0.00889669199896369
2024-11-11,3M,2025-02-11,0.012663561495724522,0.012663561495724522
2024-11-11,6M,2025-05-11,0.010170392439683013,0.010170392439683013
2024-11-11,1Y,2025-11-11,0.008735065860198614,0.008735065860198614
2024-11-11,2Y,2026-11-11,0.008951757902067994,0.008951757902067994
2024-11-12,3M,2025-02-12,0.01327831867768538,0.01327831867768538
2024-11-12,6M,2025-05-12,0.010745761439115778,0.010745761439115778
2024-11-12,1Y,2025-11-12,0.00945665510016912,0.00945665510016912
2024-11-12,2Y,2026-11-12,0.009299555532288693,0.009299555532288693
2024-11-13,3M,2025-02-13,0.014374487923110161,0.014374487923110161
2024-11-13,6M,2025-05-13,0.011851960779282834,0.011851960779282834
2024-11-13,1Y,2025-11-13,0.010225555851947937,0.010225555851947937
2024-11-13,2Y,2026-11-13,0.009779947643118729,0.009779947643118729
2024-11-14,3M,2025-02-14,0.014657826116573479,0.014657826116573479
2024-11-14,6M,2025-05-14,0.012204766361929712,0.012204766361929712
2024-11-14,1Y,2025-11-14,0.010694207787091481,0.010694207787091481
2024-11-14,2Y,2026-11-14,0.009980946912300746,0.009980946912300746
2024-11-15,3M,2025-02-15,0.015256319739597655,0.015256319739597655
2024-11-15,6M,2025-05-15,0.012371716494287477,0.012371716494287477
2024-11-15,1Y,2025-11-15,0.010800707677051432,0.010800707677051432
2024-11-15,2Y,2026-11-15,0.010571743401157324,0.010571743401157324
2024-11-18,3M,2025-02-18,0.013871231199515034,0.013871231199515034
2024-11-18,6M,2025-05-18,0.011620466192517904,0.011620466192517904
2024-11-18,1Y,2025-11-18,0.010227328368047888,0.010227328368047888
2024-11-18,2Y,2026-11-18,0.009912907152594692,0.009912907152594692
2024-11-19,3M,2025-02-19,0.012757462558728635,0.012757462558728635
2024-11-19,6M,2025-05-19,0.010773016100578495,0.010773016100578495
2024-11-19,1Y,2025-11-19,0.009409971610935191,0.009409971610935191
2024-11-19,2Y,2026-11-19,0.009205280857020272,0.009205280857020272
2024-11-20,3M,2025-02-20,0.012729184408983777,0.012729184408983777
2024-11-20,6M,2025-05-20,0.01036727828416811,0.01036727828416811
2024-11-20,1Y,2025-11-20,0.009296984819524193,0.009296984819524193
2024-11-20,2Y,2026-11-20,0.00914253102931514,0.00914253102931514
2024-11-21,3M,2025-02-21,0.012536140917755026,0.012536140917755026
2024-11-21,6M,2025-05-21,0.010338175954305752,0.010338175954305752
2024-11-21,1Y,2025-11-21,0.009266132358568067,0.009266132358568067
2024-11-21,2Y,2026-11-21,0.009151269969528954,0.009151269969528954
2024-11-22,3M,2025-02-22,0.013261031864211814,0.013261031864211814
2024-11-22,6M,2025-05-22,0.010982344327832306,0.010982344327832306
2024-11-22,1Y,2025-11-22,0.009911650401482031,0.009911650401482031
2024-11-22,2Y,2026-11-22,0.009516388024250779,0.009516388024250779
2024-11-25,3M,2025-02-25,0.013269048641114698,0.013269048641114698
2024-11-25,6M,2025-05-25,0.011027851655469717,0.011027851655469717
2024-11-25,1Y,2025-11-25,0.010045065201442528,0.010045065201442528
2024-11-25,2Y,2026-11-25,0.009714348573240538,0.009714348573240538
2024-11-26,3M,2025-02-26,0.013652488374582218,0.013652488374582218
2024-11-26,6M,2025-05-26,0.011418790253236132,0.011418790253236132
2024-11-26,1Y,2025-11-26,0.010280109475243649,0.010280109475243649
2024-11-26,2Y,2026-11-26,0.009894554198835016,0.009894554198835016
2024-11-27,3M,2025-02-27,0.013145703209632409,0.013145703209632409
2024-11-27,6M,2025-05-27,0.01114256104246589,0.01114256104246589
2024-11-27,1Y,2025-11-27,0.010105785846914466,0.010105785846914466
2024-11-27,2Y,2026-11-27,0.00992911359118462,0.00992911359118462
2024-11-29,3M,2025-02-28,0.01335250557787622,0.01335250557787622
2024-11-29,6M,2025-05-29,0.012066254749262654,0.012066254749262654
2024-11-29,1Y,2025-11-29,0.01093307127940886,0.01093307127940886
2024-11-29,2Y,2026-11-29,0.01051862926299937,0.01051862926299937
2024-12-02,3M,2025-03-02,0.013696570565915049,0.013696570565915049
2024-12-02,6M,2025-06-02,0.011603622747804876,0.011603622747804876
2024-12-02,1Y,2025-12-02,0.0104278955921997,0.0104278955921997
2024-12-02,2Y,2026-12-02,0.010057793286757696,0.010057793286757696
2024-12-03,3M,2025-03-03,0.013804977567916458,0.013804977567916458
2024-12-03,6M,2025-06-03,0.011778486641422814,0.011778486641422814
2024-12-03,1Y,2025-12-03,0.010386460729705444,0.010386460729705444
2024-12-03,2Y,2026-12-03,0.010217907955422802,0.010217907955422802
2024-12-04,3M,2025-03-04,0.013907588458382308,0.013907588458382308
2024-12-04,6M,2025-06-04,0.011763443100436605,0.011763443100436605
2024-12-04,1Y,2025-12-04,0.010551010592626,0.010551010592626
2024-12-04,2Y,2026-12-04,0.010337734166508029,0.010337734166508029
2024-12-05,3M,2025-03-05,0.013580583613251703,0.013580583613251703
2024-12-05,6M,2025-06-05,0.011680664083785208,0.011680664083785208
2024-12-05,1Y,2025-12-05,0.010441928082070765,0.010441928082070765
2024-12-05,2Y,2026-12-05,0.010396661143971142,0.010396661143971142
2024-12-06,3M,2025-03-06,0.014174880705611436,0.014174880705611436
2024-12-06,6M,2025-06-06,0.011936967960536792,0.011936967960536792
2024-12-06,1Y,2025-12-06,0.010436986005977065,0.010436986005977065
2024-12-06,2Y,2026-12-06,0.01028453217341837,0.01028453217341837
2024-12-09,3M,2025-03-09,0.013671126543475099,0.013671126543475099
2024-12-09,6M,2025-06-09,0.011666929651529018,0.011666929651529018
2024-12-09,1Y,2025-12-09,0.010360296208370428,0.010360296208370428
2024-12-09,2Y,2026-12-09,0.010224712911681682,0.010224712911681682
2024-12-10,3M,2025-03-10,0.014115875802089398,0.014115875802089398
2024-12-10,6M,2025-06-10,0.011714435313458657,0.011714435313458657
2024-12-10,1Y,2025-12-10,0.010194500415153341,0.010194500415153341
2024-12-10,2Y,2026-12-10,0.009965883001864084,0.009965883001864084
2024-12-11,3M,2025-03-11,0.01434061579930441,0.01434061579930441
2024-12-11,6M,2025-06-11,0.01152244087414423,0.01152244087414423
2024-12-11,1Y,2025-12-11,0.009821375316580054,0.009821375316580054
2024-12-11,2Y,2026-12-11,0.009519544292565662,0.009519544292565662
2024-12-12,3M,2025-03-12,0.01273494329554621,0.01273494329554621
2024-12-12,6M,2025-06-12,0.01066384728033538,0.01066384728033538
2024-12-12,1Y,2025-12-12,0.009164843641669963,0.009164843641669963
2024-12-12,2Y,2026-12-12,0.009001616639953334,0.009001616639953334
2024-12-13,3M,2025-03-13,0.015372898281206547,0.015372898281206547
2024-12-13,6M,2025-06-13,0.011960859100603604,0.011960859100603604
2024-12-13,1Y,2025-12-13,0.009875812005852871,0.009875812005852871
2024-12-13,2Y,2026-12-13,0.009572663587355456,0.009572663587355456
2024-12-16,3M,2025-03-16,0.0173449266959232,0.0173449266959232
2024-12-16,6M,2025-06-16,0.012902771196346011,0.012902771196346011
2024-12-16,1Y,2025-12-16,0.010255267403277602,0.010255267403277602
2024-12-16,2Y,2026-12-16,0.009552822455797215,0.009552822455797215
2024-12-17,3M,2025-03-17,0.018212203631518774,0.018212203631518774
2024-12-17,6M,2025-06-17,0.013534022149593745,0.013534022149593745
2024-12-17,1Y,2025-12-17,0.010918954079033259,0.010918954079033259
2024-12-17,2Y,2026-12-17,0.009853566278823984,0.009853566278823984
2024-12-18,3M,2025-03-18,0.015655664301647214,0.015655664301647214
2024-12-18,6M,2025-06-18,0.012255748967881586,0.012255748967881586
2024-12-18,1Y,2025-12-18,0.010357528281724709,0.010357528281724709
2024-12-18,2Y,2026-12-18,0.009661410620462234,0.009661410620462234
2024-12-19,3M,2025-03-19,0.013158883582767476,0.013158883582767476
2024-12-19,6M,2025-06-19,0.010751225413057513,0.010751225413057513
2024-12-19,1Y,2025-12-19,0.009492365170280856,0.009492365170280856
2024-12-19,2Y,2026-12-19,0.0093159611748932,0.0093159611748932
2024-12-20,3M,2025-03-20,0.014512772001974317,0.014512772001974317
2024-12-20,6M,2025-06-20,0.011309922374260062,0.011309922374260062
2024-12-20,1Y,2025-12-20,0.009724121327061833,0.009724121327061833
2024-12-20,2Y,2026-12-20,0.00940073526180807,0.00940073526180807
2024-12-23,3M,2025-03-23,0.013454401959962758,0.013454401959962758
2024-12-23,6M,2025-06-23,0.01096038593117383,0.01096038593117383
2024-12-23,1Y,2025-12-23,0.009735244623365077,0.009735244623365077
2024-12-23,2Y,2026-12-23,0.009479450707683476,0.009479450707683476
2024-12-24,3M,2025-03-24,0.011504204952441713,0.011504204952441713
2024-12-24,6M,2025-06-24,0.010200232584094797,0.010200232584094797
2024-12-24,1Y,2025-12-24,0.009561521606323694,0.009561521606323694
2024-12-24,2Y,2026-12-24,0.00944219966079929,0.00944219966079929
2024-12-26,3M,2025-03-26,0.008762260467096952,0.008762260467096952
2024-12-26,6M,2025-06-26,0.008665844510398283,0.008665844510398283
2024-12-26,1Y,2025-12-26,0.008301404329197916,0.008301404329197916
2024-12-26,2Y,2026-12-26,0.008596327343031406,0.008596327343031406
2024-12-27,3M,2025-03-27,0.008524929951231388,0.008524929951231388
2024-12-27,6M,2025-06-27,0.008315652708068798,0.008315652708068798
2024-12-27,1Y,2025-12-27,0.008212712525637716,0.008212712525637716
2024-12-27,2Y,2026-12-27,0.00870636420652744,0.00870636420652744
2024-12-30,3M,2025-03-30,0.007894479717576194,0.007894479717576194
2024-12-30,6M,2025-06-30,0.008107706090972265,0.008107706090972265
2024-12-30,1Y,2025-12-30,0.008107433729380283,0.008107433729380283
2024-12-30,2Y,2026-12-30,0.00851907190917988,0.00851907190917988
2024-12-31,3M,2025-03-31,0.00786254695874667,0.00786254695874667
2024-12-31,6M,2025-06-30,0.008129326969146016,0.008129326969146016
2024-12-31,1Y,2025-12-31,0.008077889075725073,0.008077889075725073
2024-12-31,2Y,2026-12-31,0.00833693864255127,0.00833693864255127
2025-01-02,3M,2025-04-02,0.007221242116932877,0.007221242116932877
2025-01-02,6M,2025-07-02,0.007542957752717764,0.007542957752717764
2025-01-02,1Y,2026-01-02,0.007888213831463639,0.007888213831463639
2025-01-02,2Y,2027-01-02,0.008125518265572208,0.008125518265572208
2025-01-03,3M,2025-04-03,0.007839754620537964,0.007839754620537964
2025-01-03,6M,2025-07-03,0.007914359880011011,0.007914359880011011
2025-01-03,1Y,2026-01-03,0.007995663877814243,0.007995663877814243
2025-01-03,2Y,2027-01-03,0.008138496612422004,0.008138496612422004
2025-01-06,3M,2025-04-06,0.0069751950574755365,0.0069751950574755365
2025-01-06,6M,2025-07-06,0.0073239135055350995,0.0073239135055350995
2025-01-06,1Y,2026-01-06,0.007914231294123495,0.007914231294123495
2025-01-06,2Y,2027-01-06,0.008084451496842785,0.008084451496842785
2025-01-07,3M,2025-04-07,0.006426657316411604,0.006426657316411604
2025-01-07,6M,2025-07-07,0.007074634419435613,0.007074634419435613
2025-01-07,1Y,2026-01-07,0.007524294853322933,0.007524294853322933
2025-01-07,2Y,2027-01-07,0.007840548161587219,0.007840548161587219
2025-01-08,3M,2025-04-08,0.006246589876964311,0.006246589876964311
2025-01-08,6M,2025-07-08,0.0070173473465341115,0.0070173473465341115
2025-01-08,1Y,2026-01-08,0.007423141889280252,0.007423141889280252
2025-01-08,2Y,2027-01-08,0.007500363671545265,0.007500363671545265
2025-01-10,3M,2025-04-10,0.005943510814279036,0.005943510814279036
2025-01-10,6M,2025-07-10,0.00705061782990608,0.00705061782990608
2025-01-10,1Y,2026-01-10,0.007044819022605251,0.007044819022605251
2025-01-10,2Y,2027-01-10,0.00732321921890688,0.00732321921890688
2025-01-13,3M,2025-04-13,0.006261876114907887,0.006261876114907887
2025-01-13,6M,2025-07-13,0.006834204288586573,0.006834204288586573
2025-01-13,1Y,2026-01-13,0.007044684921600214,0.007044684921600214
2025-01-13,2Y,2027-01-13,0.007324034618581529,0.007324034618581529
2025-01-14,3M,2025-04-14,0.006513547967445875,0.006513547967445875
2025-01-14,6M,2025-07-14,0.007001184390088959,0.007001184390088959
2025-01-14,1Y,2026-01-14,0.007043283264715563,0.007043283264715563
2025-01-14,2Y,2027-01-14,0.007340704473921228,0.007340704473921228
2025-01-15,3M,2025-04-15,0.007238022060776119,0.007238022060776119
2025-01-15,6M,2025-07-15,0.007246103724101246,0.007246103724101246
2025-01-15,1Y,2026-01-15,0.007375687682592215,0.007375687682592215
2025-01-15,2Y,2027-01-15,0.007503651406013194,0.007503651406013194
2025-01-16,3M,2025-04-16,0.00643927622558875,0.00643927622558875
2025-01-16,6M,2025-07-16,0.0070162594068864225,0.0070162594068864225
2025-01-16,1Y,2026-01-16,0.0073285153049228065,0.0073285153049228065
2025-01-16,2Y,2027-01-16,0.007621341318405038,0.007621341318405038
2025-01-17,3M,2025-04-17,0.0067240736001239875,0.0067240736001239875
2025-01-17,6M,2025-07-17,0.007217941030543934,0.007217941030543934
2025-01-17,1Y,2026-01-17,0.007533213374525952,0.007533213374525952
2025-01-17,2Y,2027-01-17,0.007814262173990012,0.007814262173990012
2025-01-21,3M,2025-04-21,0.006692029325950194,0.006692029325950194
2025-01-21,6M,2025-07-21,0.007078865613656984,0.007078865613656984
2025-01-21,1Y,2026-01-21,0.007516241773872828,0.007516241773872828
2025-01-21,2Y,2027-01-21,0.00803365624713239,0.00803365624713239
2025-01-22,3M,2025-04-22,0.0065265390255287515,0.0065265390255287515
2025-01-22,6M,2025-07-22,0.007072751975788817,0.007072751975788817
2025-01-22,1Y,2026-01-22,0.00764443838592967,0.00764443838592967
2025-01-22,2Y,2027-01-22,0.008110353993127251,0.008110353993127251
2025-01-23,3M,2025-04-23,0.006566418518127259,0.006566418518127259
2025-01-23,6M,2025-07-23,0.007284777414315823,0.007284777414315823
2025-01-23,1Y,2026-01-23,0.007776480728259781,0.007776480728259781
2025-01-23,2Y,2027-01-23,0.008400448508310331,0.008400448508310331
2025-01-24,3M,2025-04-24,0.006842595719333713,0.006842595719333713
2025-01-24,6M,2025-07-24,0.007561821459345694,0.007561821459345694
2025-01-24,1Y,2026-01-24,0.00799812310609978,0.00799812310609978
2025-01-24,2Y,2027-01-24,0.00856339528324596,0.00856339528324596
2025-01-27,3M,2025-04-27,0.006727115048676758,0.006727115048676758
2025-01-27,6M,2025-07-27,0.007553637233555631,0.007553637233555631
2025-01-27,1Y,2026-01-27,0.007793373702416588,0.007793373702416588
2025-01-27,2Y,2027-01-27,0.00807290734838464,0.00807290734838464
2025-01-28,3M,2025-04-28,0.00622562436365935,0.00622562436365935
2025-01-28,6M,2025-07-28,0.006942739164902149,0.006942739164902149
2025-01-28,1Y,2026-01-28,0.007843275506655551,0.007843275506655551
2025-01-28,2Y,2027-01-28,0.00812419002625775,0.00812419002625775
2025-01-29,3M,2025-04-29,0.006354796403048843,0.006354796403048843
2025-01-29,6M,2025-07-29,0.006970459901818861,0.006970459901818861
2025-01-29,1Y,2026-01-29,0.00771505144971606,0.00771505144971606
2025-01-29,2Y,2027-01-29,0.008023419160226574,0.008023419160226574
2025-01-30,3M,2025-04-30,0.006509211122036575,0.006509211122036575
2025-01-30,6M,2025-07-30,0.0070870121388641755,0.0070870121388641755
2025-01-30,1Y,2026-01-30,0.008070468626989628,0.008070468626989628
2025-01-30,2Y,2027-01-30,0.008066389536629182,0.008066389536629182
2025-01-31,3M,2025-04-30,0.006374436907604939,0.006374436907604939
2025-01-31,6M,2025-07-31,0.007192037685549321,0.007192037685549321
2025-01-31,1Y,2026-01-31,0.008073585262660055,0.008073585262660055
2025-01-31,2Y,2027-01-31,0.008070747183632621,0.008070747183632621
2025-02-03,3M,2025-05-03,0.00647482078006412,0.00647482078006412
2025-02-03,6M,2025-08-03,0.007106056312918308,0.007106056312918308
2025-02-03,1Y,2026-02-03,0.007897296241893231,0.007897296241893231
2025-02-03,2Y,2027-02-03,0.007875007716738585,0.007875007716738585
2025-02-04,3M,2025-05-04,0.006376773814823305,0.006376773814823305
2025-02-04,6M,2025-08-04,0.007036109961213964,0.007036109961213964
2025-02-04,1Y,2026-02-04,0.00786429540406347,0.00786429540406347
2025-02-04,2Y,2027-02-04,0.00781527830540882,0.00781527830540882
2025-02-05,3M,2025-05-05,0.006334934716441298,0.006334934716441298
2025-02-05,6M,2025-08-05,0.007038447232578863,0.007038447232578863
2025-02-05,1Y,2026-02-05,0.00784397315566488,0.00784397315566488
2025-02-05,2Y,2027-02-05,0.007729988846208255,0.007729988846208255
2025-02-06,3M,2025-05-06,0.00620597652399805,0.00620597652399805
2025-02-06,6M,2025-08-06,0.00686890187473039,0.00686890187473039
2025-02-06,1Y,2026-02-06,0.00764534995298797,0.00764534995298797
2025-02-06,2Y,2027-02-06,0.007515446840822061,0.007515446840822061
2025-02-07,3M,2025-05-07,0.005837857815827005,0.005837857815827005
2025-02-07,6M,2025-08-07,0.006838016779841421,0.006838016779841421
2025-02-07,1Y,2026-02-07,0.007492835616521179,0.007492835616521179
2025-02-07,2Y,2027-02-07,0.0073916334466792,0.0073916334466792
2025-02-10,3M,2025-05-10,0.006152265126149404,0.006152265126149404
2025-02-10,6M,2025-08-10,0.006753925630556161,0.006753925630556161
2025-02-10,1Y,2026-02-10,0.007447675128103607,0.007447675128103607
2025-02-10,2Y,2027-02-10,0.007377072811383078,0.007377072811383078
2025-02-11,3M,2025-05-11,0.006152736903393408,0.006152736903393408
2025-02-11,6M,2025-08-11,0.006759967412572979,0.006759967412572979
2025-02-11,1Y,2026-02-11,0.007399454862785787,0.007399454862785787
2025-02-11,2Y,2027-02-11,0.007350740113582499,0.007350740113582499
2025-02-12,3M,2025-05-12,0.006154553412670145,0.006154553412670145
2025-02-12,6M,2025-08-12,0.00676678429214641,0.00676678429214641
2025-02-12,1Y,2026-02-12,0.007401814209384912,0.007401814209384912
2025-02-12,2Y,2027-02-12,0.007350714049436329,0.007350714049436329
2025-02-13,3M,2025-05-13,0.005981528819347808,0.005981528819347808
2025-02-13,6M,2025-08-13,0.006613135631144905,0.006613135631144905
2025-02-13,1Y,2026-02-13,0.007416218160766298,0.007416218160766298
2025-02-13,2Y,2027-02-13,0.007446339490447552,0.007446339490447552
2025-02-14,3M,2025-05-14,0.005547571086489994,0.005547571086489994
2025-02-14,6M,2025-08-14,0.006507190404801469,0.006507190404801469
2025-02-14,1Y,2026-02-14,0.007354250276160559,0.007354250276160559
2025-02-14,2Y,2027-02-14,0.007427672647119561,0.007427672647119561
2025-02-18,3M,2025-05-18,0.005989641458385926,0.005989641458385926
2025-02-18,6M,2025-08-18,0.006471255927092963,0.006471255927092963
2025-02-18,1Y,2026-02-18,0.007343588928433856,0.007343588928433856
2025-02-18,2Y,2027-02-18,0.007409725922920505,0.007409725922920505
2025-02-19,3M,2025-05-19,0.006103854372926671,0.006103854372926671
2025-02-19,6M,2025-08-19,0.006668936600443979,0.006668936600443979
2025-02-19,1Y,2026-02-19,0.007371389227863616,0.007371389227863616
2025-02-19,2Y,2027-02-19,0.007438546639097996,0.007438546639097996
2025-02-20,3M,2025-05-20,0.00597161733568703,0.00597161733568703
2025-02-20,6M,2025-08-20,0.0065389998668595175,0.0065389998668595175
2025-02-20,1Y,2026-02-20,0.007268740552494346,0.007268740552494346
2025-02-20,2Y,2027-02-20,0.007408063310425527,0.007408063310425527
2025-02-21,3M,2025-05-21,0.006348601891725245,0.006348601891725245
2025-02-21,6M,2025-08-21,0.006733562265709873,0.006733562265709873
2025-02-21,1Y,2026-02-21,0.007309838532388197,0.007309838532388197
2025-02-21,2Y,2027-02-21,0.007399067095996402,0.007399067095996402
2025-02-24,3M,2025-05-24,0.006692770889767687,0.006692770889767687
2025-02-24,6M,2025-08-24,0.006848579565200408,0.006848579565200408
2025-02-24,1Y,2026-02-24,0.007321014093113863,0.007321014093113863
2025-02-24,2Y,2027-02-24,0.007440956969605805,0.007440956969605805
2025-02-25,3M,2025-05-25,0.007105705945980804,0.007105705945980804
2025-02-25,6M,2025-08-25,0.006933175096171918,0.006933175096171918
2025-02-25,1Y,2026-02-25,0.007326779673737056,0.007326779673737056
2025-02-25,2Y,2027-02-25,0.007449356544680112,0.007449356544680112
2025-02-26,3M,2025-05-26,0.006824586076152268,0.006824586076152268
2025-02-26,6M,2025-08-26,0.006987541526104369,0.006987541526104369
2025-02-26,1Y,2026-02-26,0.007290025625267661,0.007290025625267661
2025-02-26,2Y,2027-02-26,0.007449055849042392,0.007449055849042392
2025-02-27,3M,2025-05-27,0.006906476434152919,0.006906476434152919
2025-02-27,6M,2025-08-27,0.006984783202154078,0.006984783202154078
2025-02-27,1Y,2026-02-27,0.007266110979333966,0.007266110979333966
2025-02-27,2Y,2027-02-27,0.007452690366888161,0.007452690366888161
2025-02-28,3M,2025-05-28,0.007353392203673745,0.007353392203673745
2025-02-28,6M,2025-08-28,0.007171330723369817,0.007171330723369817
2025-02-28,1Y,2026-02-28,0.007464208469720882,0.007464208469720882
2025-02-28,2Y,2027-02-28,0.007441395189224547,0.007441395189224547
2025-03-03,3M,2025-06-03,0.0070363075545478515,0.0070363075545478515
2025-03-03,6M,2025-09-03,0.00720670535537978,0.00720670535537978
2025-03-03,1Y,2026-03-03,0.007568118540212543,0.007568118540212543
2025-03-03,2Y,2027-03-03,0.007598574169112183,0.007598574169112183
2025-03-04,3M,2025-06-04,0.006858624277878674,0.006858624277878674
2025-03-04,6M,2025-09-04,0.007310319878826364,0.007310319878826364
2025-03-04,1Y,2026-03-04,0.0075263375050714214,0.0075263375050714214
2025-03-04,2Y,2027-03-04,0.007464551712801747,0.007464551712801747
2025-03-05,3M,2025-06-05,0.0064704501855527225,0.0064704501855527225
2025-03-05,6M,2025-09-05,0.006952702056851954,0.006952702056851954
2025-03-05,1Y,2026-03-05,0.00743763769751918,0.00743763769751918
2025-03-05,2Y,2027-03-05,0.0074233492367851515,0.0074233492367851515
2025-03-06,3M,2025-06-06,0.006377972781377151,0.006377972781377151
2025-03-06,6M,2025-09-06,0.006553058799323069,0.006553058799323069
2025-03-06,1Y,2026-03-06,0.007210024676105779,0.007210024676105779
2025-03-06,2Y,2027-03-06,0.007223825012266248,0.007223825012266248
2025-03-07,3M,2025-06-07,0.0067357221151812495,0.0067357221151812495
2025-03-07,6M,2025-09-07,0.006738986821322734,0.006738986821322734
2025-03-07,1Y,2026-03-07,0.0072639087485240296,0.0072639087485240296
2025-03-07,2Y,2027-03-07,0.007241886748348443,0.007241886748348443
2025-03-10,3M,2025-06-10,0.006427222127596754,0.006427222127596754
2025-03-10,6M,2025-09-10,0.006472166847437869,0.006472166847437869
2025-03-10,1Y,2026-03-10,0.0070492096871228906,0.0070492096871228906
2025-03-10,2Y,2027-03-10,0.007048166314036802,0.007048166314036802
2025-03-11,3M,2025-06-11,0.0070800965980619785,0.0070800965980619785
2025-03-11,6M,2025-09-11,0.006590800421183471,0.006590800421183471
2025-03-11,1Y,2026-03-11,0.007078360557275069,0.007078360557275069
2025-03-11,2Y,2027-03-11,0.007043946561035556,0.007043946561035556
2025-03-12,3M,2025-06-12,0.006599625954121969,0.006599625954121969
2025-03-12,6M,2025-09-12,0.006544979969640449,0.006544979969640449
2025-03-12,1Y,2026-03-12,0.007080968518384274,0.007080968518384274
2025-03-12,2Y,2027-03-12,0.007162661960541651,0.007162661960541651
2025-03-13,3M,2025-06-13,0.0067002233695710196,0.0067002233695710196
2025-03-13,6M,2025-09-13,0.0067031405989767985,0.0067031405989767985
2025-03-13,1Y,2026-03-13,0.007099321875409463,0.007099321875409463
2025-03-13,2Y,2027-03-13,0.007166541556267017,0.007166541556267017
2025-03-14,3M,2025-06-14,0.006326327250533467,0.006326327250533467
2025-03-14,6M,2025-09-14,0.006539545241558181,0.006539545241558181
2025-03-14,1Y,2026-03-14,0.007057681959558112,0.007057681959558112
2025-03-14,2Y,2027-03-14,0.007196297764825864,0.007196297764825864
2025-03-17,3M,2025-06-17,0.0061405092238773044,0.0061405092238773044
2025-03-17,6M,2025-09-17,0.006433872154881448,0.006433872154881448
2025-03-17,1Y,2026-03-17,0.006977159703093023,0.006977159703093023
2025-03-17,2Y,2027-03-17,0.007098907245049781,0.007098907245049781
2025-03-18,3M,2025-06-18,0.006179737943614631,0.006179737943614631
2025-03-18,6M,2025-09-18,0.006353451506882797,0.006353451506882797
2025-03-18,1Y,2026-03-18,0.0067676118349643795,0.0067676118349643795
2025-03-18,2Y,2027-03-18,0.006931245015450182,0.006931245015450182
2025-03-19,3M,2025-06-19,0.006108043162252405,0.006108043162252405
2025-03-19,6M,2025-09-19,0.006370372060546595,0.006370372060546595
2025-03-19,1Y,2026-03-19,0.006774720735458834,0.006774720735458834
2025-03-19,2Y,2027-03-19,0.006942873953339031,0.006942873953339031
2025-03-20,3M,2025-06-20,0.005359354950914762,0.005359354950914762
2025-03-20,6M,2025-09-20,0.005747828461117401,0.005747828461117401
2025-03-20,1Y,2026-03-20,0.006646096500347177,0.006646096500347177
2025-03-20,2Y,2027-03-20,0.006892343112880955,0.006892343112880955
2025-03-21,3M,2025-06-21,0.005826571997096638,0.005826571997096638
2025-03-21,6M,2025-09-21,0.005644028316291848,0.005644028316291848
2025-03-21,1Y,2026-03-21,0.006498599735471584,0.006498599735471584
2025-03-21,2Y,2027-03-21,0.006685642274326279,0.006685642274326279
2025-03-24,3M,2025-06-24,0.005846226910303002,0.005846226910303002
2025-03-24,6M,2025-09-24,0.005601351061038961,0.005601351061038961
2025-03-24,1Y,2026-03-24,0.0064870361276608175,0.0064870361276608175
2025-03-24,2Y,2027-03-24,0.006558485509638174,0.006558485509638174
2025-03-25,3M,2025-06-25,0.004946640119464373,0.004946640119464373
2025-03-25,6M,2025-09-25,0.005615708763923578,0.005615708763923578
2025-03-25,1Y,2026-03-25,0.0063667696535020454,0.0063667696535020454
2025-03-25,2Y,2027-03-25,0.006564033633799503,0.006564033633799503
2025-03-26,3M,2025-06-26,0.005199186601273112,0.005199186601273112
2025-03-26,6M,2025-09-26,0.005917337577033395,0.005917337577033395
2025-03-26,1Y,2026-03-26,0.006323694630873886,0.006323694630873886
2025-03-26,2Y,2027-03-26,0.0064676898602639326,0.0064676898602639326
2025-03-27,3M,2025-06-27,0.005397774533433326,0.005397774533433326
2025-03-27,6M,2025-09-27,0.0056857508650742525,0.0056857508650742525
2025-03-27,1Y,2026-03-27,0.006315021262765182,0.006315021262765182
2025-03-27,2Y,2027-03-27,0.006539373470147363,0.006539373470147363
2025-03-28,3M,2025-06-28,0.005583481440720769,0.005583481440720769
2025-03-28,6M,2025-09-28,0.005684090800474818,0.005684090800474818
2025-03-28,1Y,2026-03-28,0.006254208326423409,0.006254208326423409
2025-03-28,2Y,2027-03-28,0.00643216950980991,0.00643216950980991
2025-03-31,3M,2025-06-30,0.0051147362869829755,0.0051147362869829755
2025-03-31,6M,2025-09-30,0.005872225987625675,0.005872225987625675
2025-03-31,1Y,2026-03-31,0.00621016853292096,0.00621016853292096
2025-03-31,2Y,2027-03-31,0.006525144765786576,0.006525144765786576
2025-04-01,3M,2025-07-01,0.0047630680171624655,0.0047630680171624655
2025-04-01,6M,2025-10-01,0.005477458833385053,0.005477458833385053
2025-04-01,1Y,2026-04-01,0.006253072419851269,0.006253072419851269
2025-04-01,2Y,2027-04-01,0.006415099893000212,0.006415099893000212
2025-04-02,3M,2025-07-02,0.004954406853765097,0.004954406853765097
2025-04-02,6M,2025-10-02,0.005253855306839585,0.005253855306839585
2025-04-02,1Y,2026-04-02,0.006114228985895868,0.006114228985895868
2025-04-02,2Y,2027-04-02,0.006297368655655206,0.006297368655655206
2025-04-03,3M,2025-07-03,0.004612410000615739,0.004612410000615739
2025-04-03,6M,2025-10-03,0.005827801322970002,0.005827801322970002
2025-04-03,1Y,2026-04-03,0.0058181800677397305,0.0058181800677397305
2025-04-03,2Y,2027-04-03,0.006187443737818667,0.006187443737818667
2025-04-04,3M,2025-07-04,0.003957566781438349,0.003957566781438349
2025-04-04,6M,2025-10-04,0.004329177954617363,0.004329177954617363
2025-04-04,1Y,2026-04-04,0.00558798162952676,0.00558798162952676
2025-04-04,2Y,2027-04-04,0.006121339719156608,0.006121339719156608
2025-04-07,3M,2025-07-07,0.005129616362916652,0.005129616362916652
2025-04-07,6M,2025-10-07,0.004793875813347875,0.004793875813347875
2025-04-07,1Y,2026-04-07,0.00573329575412898,0.00573329575412898
2025-04-07,2Y,2027-04-07,0.0061002658851154815,0.0061002658851154815
2025-04-08,3M,2025-07-08,0.0047493323520683296,0.0047493323520683296
2025-04-08,6M,2025-10-08,0.004717633280069426,0.004717633280069426
2025-04-08,1Y,2026-04-08,0.0056534840639496705,0.0056534840639496705
2025-04-08,2Y,2027-04-08,0.006073382928799968,0.006073382928799968
2025-04-09,3M,2025-07-09,0.004983097391769491,0.004983097391769491
2025-04-09,6M,2025-10-09,0.005265610777396231,0.005265610777396231
2025-04-09,1Y,2026-04-09,0.006237767717141965,0.006237767717141965
2025-04-09,2Y,2027-04-09,0.006610610171516122,0.006610610171516122
2025-04-10,3M,2025-07-10,0.004668142016427718,0.004668142016427718
2025-04-10,6M,2025-10-10,0.005285280138920175,0.005285280138920175
2025-04-10,1Y,2026-04-10,0.006169236696315549,0.006169236696315549
2025-04-10,2Y,2027-04-10,0.006708371647787255,0.006708371647787255
2025-04-11,3M,2025-07-11,0.004787163413838009,0.004787163413838009
2025-04-11,6M,2025-10-11,0.005398503357050928,0.005398503357050928
2025-04-11,1Y,2026-04-11,0.006367728092892271,0.006367728092892271
2025-04-11,2Y,2027-04-11,0.00689008100318267,0.00689008100318267
2025-04-14,3M,2025-07-14,0.00479652725898412,0.00479652725898412
2025-04-14,6M,2025-10-14,0.00518276056585323,0.00518276056585323
2025-04-14,1Y,2026-04-14,0.00635619503260157,0.00635619503260157
2025-04-14,2Y,2027-04-14,0.006818142217849391,0.006818142217849391
2025-04-15,3M,2025-07-15,0.0047260502894502475,0.0047260502894502475
2025-04-15,6M,2025-10-15,0.005172254690916444,0.005172254690916444
2025-04-15,1Y,2026-04-15,0.006354532403154064,0.006354532403154064
2025-04-15,2Y,2027-04-15,0.006871087810744632,0.006871087810744632
2025-04-16,3M,2025-07-16,0.004264939374950062,0.004264939374950062
2025-04-16,6M,2025-10-16,0.005045665045622602,0.005045665045622602
2025-04-16,1Y,2026-04-16,0.006162662459564185,0.006162662459564185
2025-04-16,2Y,2027-04-16,0.006703984263278864,0.006703984263278864
2025-04-17,3M,2025-07-17,0.004673904446772316,0.004673904446772316
2025-04-17,6M,2025-10-17,0.0051671720448281935,0.0051671720448281935
2025-04-17,1Y,2026-04-17,0.0064235847883308645,0.0064235847883308645
2025-04-17,2Y,2027-04-17,0.006823070898799082,0.006823070898799082
2025-04-21,3M,2025-07-21,0.004387060791544928,0.004387060791544928
2025-04-21,6M,2025-10-21,0.005120412759059518,0.005120412759059518
2025-04-21,1Y,2026-04-21,0.006215598849187299,0.006215598849187299
2025-04-21,2Y,2027-04-21,0.0067641403309167845,0.0067641403309167845
2025-04-22,3M,2025-07-22,0.004642396298750414,0.004642396298750414
2025-04-22,6M,2025-10-22,0.005188379301828684,0.005188379301828684
2025-04-22,1Y,2026-04-22,0.006247980080674303,0.006247980080674303
2025-04-22,2Y,2027-04-22,0.0067499542439097195,0.0067499542439097195
2025-04-23,3M,2025-07-23,0.004524504842480137,0.004524504842480137
2025-04-23,6M,2025-10-23,0.005078052336723304,0.005078052336723304
2025-04-23,1Y,2026-04-23,0.006196453799823805,0.006196453799823805
2025-04-23,2Y,2027-04-23,0.006730643948527537,0.006730643948527537
2025-04-24,3M,2025-07-24,0.004395659345318873,0.004395659345318873
2025-04-24,6M,2025-10-24,0.004998767178192923,0.004998767178192923
2025-04-24,1Y,2026-04-24,0.006085038620971219,0.006085038620971219
2025-04-24,2Y,2027-04-24,0.006692065266830235,0.006692065266830235
2025-04-25,3M,2025-07-25,0.004257372872707202,0.004257372872707202
2025-04-25,6M,2025-10-25,0.004906322005604719,0.004906322005604719
2025-04-25,1Y,2026-04-25,0.006123046620494793,0.006123046620494793
2025-04-25,2Y,2027-04-25,0.0066779335408783036,0.0066779335408783036
2025-04-28,3M,2025-07-28,0.0041230771382019735,0.0041230771382019735
2025-04-28,6M,2025-10-28,0.004892563177707818,0.004892563177707818
2025-04-28,1Y,2026-04-28,0.006101600318625885,0.006101600318625885
2025-04-28,2Y,2027-04-28,0.006683134881719003,0.006683134881719003
2025-04-29,3M,2025-07-29,0.003980910103803014,0.003980910103803014
2025-04-29,6M,2025-10-29,0.004862496634305346,0.004862496634305346
2025-04-29,1Y,2026-04-29,0.006125010198487064,0.006125010198487064
2025-04-29,2Y,2027-04-29,0.006638210077039756,0.006638210077039756
2025-04-30,3M,2025-07-30,0.0035810086192696274,0.0035810086192696274
2025-04-30,6M,2025-10-30,0.0046519079195712024,0.0046519079195712024
2025-04-30,1Y,2026-04-30,0.005947083486653108,0.005947083486653108
2025-04-30,2Y,2027-04-30,0.006593996407026773,0.006593996407026773
2025-05-01,3M,2025-08-01,0.003053963831200714,0.003053963831200714
2025-05-01,6M,2025-11-01,0.0042329651529309864,0.0042329651529309864
2025-05-01,1Y,2026-05-01,0.005806873513106644,0.005806873513106644
2025-05-01,2Y,2027-05-01,0.006530828241991286,0.006530828241991286
2025-05-02,3M,2025-08-02,0.003548697653531899,0.003548697653531899
2025-05-02,6M,2025-11-02,0.0044456573927189125,0.0044456573927189125
2025-05-02,1Y,2026-05-02,0.005818375256313191,0.005818375256313191
2025-05-02,2Y,2027-05-02,0.0065272711822028815,0.0065272711822028815
2025-05-05,3M,2025-08-05,0.0033127047615635476,0.0033127047615635476
2025-05-05,6M,2025-11-05,0.0043754696050995546,0.0043754696050995546
2025-05-05,1Y,2026-05-05,0.005726137879715814,0.005726137879715814
2025-05-05,2Y,2027-05-05,0.006492709889592594,0.006492709889592594
2025-05-06,3M,2025-08-06,0.0030512336156776443,0.0030512336156776443
2025-05-06,6M,2025-11-06,0.004106338995104805,0.004106338995104805
2025-05-06,1Y,2026-05-06,0.005389098937299411,0.005389098937299411
2025-05-06,2Y,2027-05-06,0.00634969621737209,0.00634969621737209
2025-05-07,3M,2025-08-07,0.0027235433037909804,0.0027235433037909804
2025-05-07,6M,2025-11-07,0.003913559553264837,0.003913559553264837
2025-05-07,1Y,2026-05-07,0.0051615238149005024,0.0051615238149005024
2025-05-07,2Y,2027-05-07,0.006201542255714267,0.006201542255714267
2025-05-08,3M,2025-08-08,0.0030550958523486867,0.0030550958523486867
2025-05-08,6M,2025-11-08,0.003930158559929048,0.003930158559929048
2025-05-08,1Y,2026-05-08,0.005197345498357384,0.005197345498357384
2025-05-08,2Y,2027-05-08,0.006119338847211122,0.006119338847211122
2025-05-09,3M,2025-08-09,0.0033307248517230833,0.0033307248517230833
2025-05-09,6M,2025-11-09,0.004173235550791412,0.004173235550791412
2025-05-09,1Y,2026-05-09,0.005323976979026726,0.005323976979026726
2025-05-09,2Y,2027-05-09,0.006234727949383682,0.006234727949383682
2025-05-12,3M,2025-08-12,0.003902150774152381,0.003902150774152381
2025-05-12,6M,2025-11-12,0.004671629881673384,0.004671629881673384
2025-05-12,1Y,2026-05-12,0.005456001959973611,0.005456001959973611
2025-05-12,2Y,2027-05-12,0.006434618101405277,0.006434618101405277
2025-05-13,3M,2025-08-13,0.003950866377261114,0.003950866377261114
2025-05-13,6M,2025-11-13,0.00482871118751026,0.00482871118751026
2025-05-13,1Y,2026-05-13,0.005864256684626394,0.005864256684626394
2025-05-13,2Y,2027-05-13,0.006533060162710059,0.006533060162710059
2025-05-14,3M,2025-08-14,0.003976140425913183,0.003976140425913183
2025-05-14,6M,2025-11-14,0.005105353988919867,0.005105353988919867
2025-05-14,1Y,2026-05-14,0.006170001922069349,0.006170001922069349
2025-05-14,2Y,2027-05-14,0.006834937707404946,0.006834937707404946
2025-05-15,3M,2025-08-15,0.004037585062256931,0.004037585062256931
2025-05-15,6M,2025-11-15,0.005118925753882161,0.005118925753882161
2025-05-15,1Y,2026-05-15,0.006237279125412993,0.006237279125412993
2025-05-15,2Y,2027-05-15,0.006793213711512822,0.006793213711512822
2025-05-16,3M,2025-08-16,0.004241128471681211,0.004241128471681211
2025-05-16,6M,2025-11-16,0.005394342210996649,0.005394342210996649
2025-05-16,1Y,2026-05-16,0.006368955380783689,0.006368955380783689
2025-05-16,2Y,2027-05-16,0.006939498800088301,0.006939498800088301
2025-05-19,3M,2025-08-19,0.004148546095193664,0.004148546095193664
2025-05-19,6M,2025-11-19,0.005473494880490256,0.005473494880490256
2025-05-19,1Y,2026-05-19,0.006768869159467151,0.006768869159467151
2025-05-19,2Y,2027-05-19,0.007130138585280799,0.007130138585280799
2025-05-20,3M,2025-08-20,0.004279361058664018,0.004279361058664018
2025-05-20,6M,2025-11-20,0.00534663580836301,0.00534663580836301
2025-05-20,1Y,2026-05-20,0.006493068249101972,0.006493068249101972
2025-05-20,2Y,2027-05-20,0.00704467867358618,0.00704467867358618
2025-05-21,3M,2025-08-21,0.004228880807406797,0.004228880807406797
2025-05-21,6M,2025-11-21,0.005294199869656617,0.005294199869656617
2025-05-21,1Y,2026-05-21,0.006479169120902844,0.006479169120902844
2025-05-21,2Y,2027-05-21,0.006973976415290019,0.006973976415290019
2025-05-22,3M,2025-08-22,0.00450150690640474,0.00450150690640474
2025-05-22,6M,2025-11-22,0.005369466332977793,0.005369466332977793
2025-05-22,1Y,2026-05-22,0.00648595733698115,0.00648595733698115
2025-05-22,2Y,2027-05-22,0.0069765206670280595,0.0069765206670280595
2025-05-23,3M,2025-08-23,0.0043538184037961135,0.0043538184037961135
2025-05-23,6M,2025-11-23,0.005242033853763866,0.005242033853763866
2025-05-23,1Y,2026-05-23,0.006286862190309434,0.006286862190309434
2025-05-23,2Y,2027-05-23,0.006885289392553554,0.006885289392553554
2025-05-27,3M,2025-08-27,0.004350579766490029,0.004350579766490029
2025-05-27,6M,2025-11-27,0.005348171531739046,0.005348171531739046
2025-05-27,1Y,2026-05-27,0.0065458278975681,0.0065458278975681
2025-05-27,2Y,2027-05-27,0.006979132191443644,0.006979132191443644
2025-05-28,3M,2025-08-28,0.004282807656386664,0.004282807656386664
2025-05-28,6M,2025-11-28,0.005314943808812864,0.005314943808812864
2025-05-28,1Y,2026-05-28,0.0064311179627887,0.0064311179627887
2025-05-28,2Y,2027-05-28,0.0070517837293755155,0.0070517837293755155
2025-05-29,3M,2025-08-29,0.004453599865379037,0.004453599865379037
2025-05-29,6M,2025-11-29,0.005299816518727422,0.005299816518727422
2025-05-29,1Y,2026-05-29,0.00653392423666246,0.00653392423666246
2025-05-29,2Y,2027-05-29,0.007082102623312657,0.007082102623312657
2025-05-30,3M,2025-08-30,0.0042858058977922105,0.0042858058977922105
2025-05-30,6M,2025-11-30,0.005297504282224843,0.005297504282224843
2025-05-30,1Y,2026-05-30,0.0064594728625639785,0.0064594728625639785
2025-05-30,2Y,2027-05-30,0.0071038361380533835,0.0071038361380533835
2025-06-02,3M,2025-09-02,0.004738150839430575,0.004738150839430575
2025-06-02,6M,2025-12-02,0.005210216425354544,0.005210216425354544
2025-06-02,1Y,2026-06-02,0.0065209689968712915,0.0065209689968712915
2025-06-02,2Y,2027-06-02,0.007115982307591935,0.007115982307591935
2025-06-03,3M,2025-09-03,0.004507134365563869,0.004507134365563869
2025-06-03,6M,2025-12-03,0.005113398554645422,0.005113398554645422
2025-06-03,1Y,2026-06-03,0.006401494926593572,0.006401494926593572
2025-06-03,2Y,2027-06-03,0.007095713830631779,0.007095713830631779
2025-06-04,3M,2025-09-04,0.004470094704614276,0.004470094704614276
2025-06-04,6M,2025-12-04,0.005134425356342787,0.005134425356342787
2025-06-04,1Y,2026-06-04,0.006385576707939267,0.006385576707939267
2025-06-04,2Y,2027-06-04,0.007046902426840235,0.007046902426840235
2025-06-05,3M,2025-09-05,0.004266845140188009,0.004266845140188009
2025-06-05,6M,2025-12-05,0.005088906336715297,0.005088906336715297
2025-06-05,1Y,2026-06-05,0.00641613777510415,0.00641613777510415
2025-06-05,2Y,2027-06-05,0.007058768718835239,0.007058768718835239
2025-06-06,3M,2025-09-06,0.0044453450429470034,0.0044453450429470034
2025-06-06,6M,2025-12-06,0.005053143469622775,0.005053143469622775
2025-06-06,1Y,2026-06-06,0.006363406974534656,0.006363406974534656
2025-06-06,2Y,2027-06-06,0.006964064923906528,0.006964064923906528
2025-06-09,3M,2025-09-09,0.004160588118573507,0.004160588118573507
2025-06-09,6M,2025-12-09,0.0048913248309326906,0.0048913248309326906
2025-06-09,1Y,2026-06-09,0.006357722813122235,0.006357722813122235
2025-06-09,2Y,2027-06-09,0.006996914959759535,0.006996914959759535
2025-06-10,3M,2025-09-10,0.003951103641264462,0.003951103641264462
2025-06-10,6M,2025-12-10,0.004524821805297674,0.004524821805297674
2025-06-10,1Y,2026-06-10,0.005962063254221506,0.005962063254221506
2025-06-10,2Y,2027-06-10,0.0067589439826090175,0.0067589439826090175
2025-06-11,3M,2025-09-11,0.003933858332470866,0.003933858332470866
2025-06-11,6M,2025-12-11,0.00433166581423399,0.00433166581423399
2025-06-11,1Y,2026-06-11,0.005794943534394113,0.005794943534394113
2025-06-11,2Y,2027-06-11,0.006672101447161737,0.006672101447161737
2025-06-12,3M,2025-09-12,0.004057359232849171,0.004057359232849171
2025-06-12,6M,2025-12-12,0.004392922934985277,0.004392922934985277
2025-06-12,1Y,2026-06-12,0.0057620544359650305,0.0057620544359650305
2025-06-12,2Y,2027-06-12,0.006578208290643639,0.006578208290643639
2025-06-13,3M,2025-09-13,0.003944008054137465,0.003944008054137465
2025-06-13,6M,2025-12-13,0.004340336396777009,0.004340336396777009
2025-06-13,1Y,2026-06-13,0.0057755509680229335,0.0057755509680229335
2025-06-13,2Y,2027-06-13,0.0065295631366400495,0.0065295631366400495
2025-06-16,3M,2025-09-16,0.004019052312078641,0.004019052312078641
2025-06-16,6M,2025-12-16,0.0043305451248032995,0.0043305451248032995
2025-06-16,1Y,2026-06-16,0.0058125942999125175,0.0058125942999125175
2025-06-16,2Y,2027-06-16,0.006530184155738554,0.006530184155738554
2025-06-17,3M,2025-09-17,0.004402206175413843,0.004402206175413843
2025-06-17,6M,2025-12-17,0.004576545331310613,0.004576545331310613
2025-06-17,1Y,2026-06-17,0.00586805189556665,0.00586805189556665
2025-06-17,2Y,2027-06-17,0.006666883361660597,0.006666883361660597
2025-06-18,3M,2025-09-18,0.004441133632495271,0.004441133632495271
2025-06-18,6M,2025-12-18,0.004486912610736464,0.004486912610736464
2025-06-18,1Y,2026-06-18,0.005816775893160324,0.005816775893160324
2025-06-18,2Y,2027-06-18,0.00662198664628517,0.00662198664628517
2025-06-20,3M,2025-09-20,0.0038713146661091594,0.0038713146661091594
2025-06-20,6M,2025-12-20,0.004551645325621643,0.004551645325621643
2025-06-20,1Y,2026-06-20,0.0059079409058944935,0.0059079409058944935
2025-06-20,2Y,2027-06-20,0.0066116549742288476,0.0066116549742288476
2025-06-23,3M,2025-09-23,0.0046008017426693625,0.0046008017426693625
2025-06-23,6M,2025-12-23,0.004772067136113642,0.004772067136113642
2025-06-23,1Y,2026-06-23,0.006111566738037868,0.006111566738037868
2025-06-23,2Y,2027-06-23,0.006891417778026329,0.006891417778026329
2025-06-24,3M,2025-09-24,0.0047007465880101055,0.0047007465880101055
2025-06-24,6M,2025-12-24,0.005019582651100375,0.005019582651100375
2025-06-24,1Y,2026-06-24,0.006177219541799992,0.006177219541799992
2025-06-24,2Y,2027-06-24,0.006964002982253477,0.006964002982253477
2025-06-25,3M,2025-09-25,0.00470868966978245,0.00470868966978245
2025-06-25,6M,2025-12-25,0.005212814857995988,0.005212814857995988
2025-06-25,1Y,2026-06-25,0.006121545027226957,0.006121545027226957
2025-06-25,2Y,2027-06-25,0.007008312676827988,0.007008312676827988
2025-06-26,3M,2025-09-26,0.005056248048640106,0.005056248048640106
2025-06-26,6M,2025-12-26,0.005426461552594995,0.005426461552594995
2025-06-26,1Y,2026-06-26,0.006421841604574576,0.006421841604574576
2025-06-26,2Y,2027-06-26,0.007156951759308283,0.007156951759308283
2025-06-27,3M,2025-09-27,0.005850862538748866,0.005850862538748866
2025-06-27,6M,2025-12-27,0.005769465219513987,0.005769465219513987
2025-06-27,1Y,2026-06-27,0.006532286664380103,0.006532286664380103
2025-06-27,2Y,2027-06-27,0.007249926333877334,0.007249926333877334
2025-06-30,3M,2025-09-30,0.004896319971480792,0.004896319971480792
2025-06-30,6M,2025-12-30,0.005627475790375164,0.005627475790375164
2025-06-30,1Y,2026-06-30,0.00650652066218069,0.00650652066218069
2025-06-30,2Y,2027-06-30,0.00723922523040431,0.00723922523040431
2025-07-01,3M,2025-10-01,0.004913989731526975,0.004913989731526975
2025-07-01,6M,2026-01-01,0.005621958046041636,0.005621958046041636
2025-07-01,1Y,2026-07-01,0.006277259007961333,0.006277259007961333
2025-07-01,2Y,2027-07-01,0.006966374550736088,0.006966374550736088
2025-07-02,3M,2025-10-02,0.004509146783770567,0.004509146783770567
2025-07-02,6M,2026-01-02,0.0055809919725592315,0.0055809919725592315
2025-07-02,1Y,2026-07-02,0.006242906696361308,0.006242906696361308
2025-07-02,2Y,2027-07-02,0.006952138754495947,0.006952138754495947
2025-07-03,3M,2025-10-03,0.004551125712304113,0.004551125712304113
2025-07-03,6M,2026-01-03,0.005607871091994678,0.005607871091994678
2025-07-03,1Y,2026-07-03,0.0062366990322414925,0.0062366990322414925
2025-07-03,2Y,2027-07-03,0.0069710162383423415,0.0069710162383423415
2025-07-07,3M,2025-10-07,0.004185312088448495,0.004185312088448495
2025-07-07,6M,2026-01-07,0.005608130510281988,0.005608130510281988
2025-07-07,1Y,2026-07-07,0.006094632531136693,0.006094632531136693
2025-07-07,2Y,2027-07-07,0.006929776852826795,0.006929776852826795
2025-07-08,3M,2025-10-08,0.0043799966885486215,0.0043799966885486215
2025-07-08,6M,2026-01-08,0.00560364254534191,0.00560364254534191
2025-07-08,1Y,2026-07-08,0.00619545533905291,0.00619545533905291
2025-07-08,2Y,2027-07-08,0.0069816893421103185,0.0069816893421103185
2025-07-09,3M,2025-10-09,0.004624473325325203,0.004624473325325203
2025-07-09,6M,2026-01-09,0.006034954396240337,0.006034954396240337
2025-07-09,1Y,2026-07-09,0.006533669609310221,0.006533669609310221
2025-07-09,2Y,2027-07-09,0.007173651791188674,0.007173651791188674
2025-07-10,3M,2025-10-10,0.00440088251514594,0.00440088251514594
2025-07-10,6M,2026-01-10,0.006061514033247582,0.006061514033247582
2025-07-10,1Y,2026-07-10,0.006483949960600869,0.006483949960600869
2025-07-10,2Y,2027-07-10,0.007230028088759117,0.007230028088759117
2025-07-11,3M,2025-10-11,0.004415106302379119,0.004415106302379119
2025-07-11,6M,2026-01-11,0.005905529947574847,0.005905529947574847
2025-07-11,1Y,2026-07-11,0.006365088769556781,0.006365088769556781
2025-07-11,2Y,2027-07-11,0.007230945317109667,0.007230945317109667
2025-07-14,3M,2025-10-14,0.004361991506265693,0.004361991506265693
2025-07-14,6M,2026-01-14,0.005957601262477656,0.005957601262477656
2025-07-14,1Y,2026-07-14,0.006521477973901983,0.006521477973901983
2025-07-14,2Y,2027-07-14,0.007277937036733563,0.007277937036733563
2025-07-15,3M,2025-10-15,0.00427522601027612,0.00427522601027612
2025-07-15,6M,2026-01-15,0.006210857620500881,0.006210857620500881
2025-07-15,1Y,2026-07-15,0.00653201452171509,0.00653201452171509
2025-07-15,2Y,2027-07-15,0.007211368677160906,0.007211368677160906
2025-07-16,3M,2025-10-16,0.00440667874771229,0.00440667874771229
2025-07-16,6M,2026-01-16,0.0064569951768735125,0.0064569951768735125
2025-07-16,1Y,2026-07-16,0.006529323522933768,0.006529323522933768
2025-07-16,2Y,2027-07-16,0.0071990270576117055,0.0071990270576117055
2025-07-17,3M,2025-10-17,0.004377753095700673,0.004377753095700673
2025-07-17,6M,2026-01-17,0.006573457870540213,0.006573457870540213
2025-07-17,1Y,2026-07-17,0.006536350142004072,0.006536350142004072
2025-07-17,2Y,2027-07-17,0.007235245249590735,0.007235245249590735
2025-07-18,3M,2025-10-18,0.004624853717982484,0.004624853717982484
2025-07-18,6M,2026-01-18,0.006599041740881397,0.006599041740881397
2025-07-18,1Y,2026-07-18,0.006609213489386617,0.006609213489386617
2025-07-18,2Y,2027-07-18,0.007295680789183668,0.007295680789183668
2025-07-21,3M,2025-10-21,0.0044577356116308415,0.0044577356116308415
2025-07-21,6M,2026-01-21,0.006608973147714663,0.006608973147714663
2025-07-21,1Y,2026-07-21,0.006616982923750403,0.006616982923750403
2025-07-21,2Y,2027-07-21,0.00729611782637991,0.00729611782637991
2025-07-22,3M,2025-10-22,0.004612138050303094,0.004612138050303094
2025-07-22,6M,2026-01-22,0.0066725057649217445,0.0066725057649217445
2025-07-22,1Y,2026-07-22,0.00667157825449812,0.00667157825449812
2025-07-22,2Y,2027-07-22,0.007342045509312648,0.007342045509312648
2025-07-23,3M,2025-10-23,0.004559262571124797,0.004559262571124797
2025-07-23,6M,2026-01-23,0.0067613479046824704,0.0067613479046824704
2025-07-23,1Y,2026-07-23,0.006758117057830424,0.006758117057830424
2025-07-23,2Y,2027-07-23,0.007328603982651701,0.007328603982651701
2025-07-24,3M,2025-10-24,0.0046083768817565,0.0046083768817565
2025-07-24,6M,2026-01-24,0.006732150900868461,0.006732150900868461
2025-07-24,1Y,2026-07-24,0.006646874097677366,0.006646874097677366
2025-07-24,2Y,2027-07-24,0.007266545754006006,0.007266545754006006
2025-07-25,3M,2025-10-25,0.005357692980712438,0.005357692980712438
2025-07-25,6M,2026-01-25,0.00717756597407252,0.00717756597407252
2025-07-25,1Y,2026-07-25,0.006950043258243917,0.006950043258243917
2025-07-25,2Y,2027-07-25,0.0074604508224481,0.0074604508224481
2025-07-28,3M,2025-10-28,0.005157910763161411,0.005157910763161411
2025-07-28,6M,2026-01-28,0.006986945708171282,0.006986945708171282
2025-07-28,1Y,2026-07-28,0.0068935388038986216,0.0068935388038986216
2025-07-28,2Y,2027-07-28,0.0074420186679401805,0.0074420186679401805
2025-07-29,3M,2025-10-29,0.0053838270675475655,0.0053838270675475655
2025-07-29,6M,2026-01-29,0.007239077726437704,0.007239077726437704
2025-07-29,1Y,2026-07-29,0.0071388115338781415,0.0071388115338781415
2025-07-29,2Y,2027-07-29,0.007609690670091436,0.007609690670091436
2025-07-30,3M,2025-10-30,0.005424611147963743,0.005424611147963743
2025-07-30,6M,2026-01-30,0.007165249481620455,0.007165249481620455
2025-07-30,1Y,2026-07-30,0.007145923022289526,0.007145923022289526
2025-07-30,2Y,2027-07-30,0.007673640297962829,0.007673640297962829
2025-07-31,3M,2025-10-31,0.005490928840274123,0.005490928840274123
2025-07-31,6M,2026-01-31,0.00725776381800721,0.00725776381800721
2025-07-31,1Y,2026-07-31,0.007183320335078233,0.007183320335078233
2025-07-31,2Y,2027-07-31,0.007625941127742217,0.007625941127742217
2025-08-01,3M,2025-11-01,0.005221531099621197,0.005221531099621197
2025-08-01,6M,2026-02-01,0.007171650549641299,0.007171650549641299
2025-08-01,1Y,2026-08-01,0.007085609996865807,0.007085609996865807
2025-08-01,2Y,2027-08-01,0.007509053420972302,0.007509053420972302
2025-08-04,3M,2025-11-04,0.005055673037917232,0.005055673037917232
2025-08-04,6M,2026-02-04,0.007159872008145885,0.007159872008145885
2025-08-04,1Y,2026-08-04,0.007085347827637536,0.007085347827637536
2025-08-04,2Y,2027-08-04,0.007511630976835973,0.007511630976835973
2025-08-05,3M,2025-11-05,0.004782545774013777,0.004782545774013777
2025-08-05,6M,2026-02-05,0.0070780899336095465,0.0070780899336095465
2025-08-05,1Y,2026-08-05,0.007023360997553276,0.007023360997553276
2025-08-05,2Y,2027-08-05,0.007498538769953595,0.007498538769953595
2025-08-06,3M,2025-11-06,0.004805070941806039,0.004805070941806039
2025-08-06,6M,2026-02-06,0.00698038386143127,0.00698038386143127
2025-08-06,1Y,2026-08-06,0.006936822922402342,0.006936822922402342
2025-08-06,2Y,2027-08-06,0.007357663586499544,0.007357663586499544
2025-08-07,3M,2025-11-07,0.004777311928275697,0.004777311928275697
2025-08-07,6M,2026-02-07,0.006903090454047637,0.006903090454047637
2025-08-07,1Y,2026-08-07,0.006879907881813957,0.006879907881813957
2025-08-07,2Y,2027-08-07,0.007350992381002237,0.007350992381002237
2025-08-08,3M,2025-11-08,0.004769633614071885,0.004769633614071885
2025-08-08,6M,2026-02-08,0.006944659051496214,0.006944659051496214
2025-08-08,1Y,2026-08-08,0.006878634969332139,0.006878634969332139
2025-08-08,2Y,2027-08-08,0.007338260087232679,0.007338260087232679
2025-08-11,3M,2025-11-11,0.004794018507234593,0.004794018507234593
2025-08-11,6M,2026-02-11,0.006968461789799366,0.006968461789799366
2025-08-11,1Y,2026-08-11,0.00691974526649693,0.00691974526649693
2025-08-11,2Y,2027-08-11,0.007375403303875686,0.007375403303875686
2025-08-12,3M,2025-11-12,0.0048599773196033825,0.0048599773196033825
2025-08-12,6M,2026-02-12,0.007073812237096597,0.007073812237096597
2025-08-12,1Y,2026-08-12,0.006911248719835919,0.006911248719835919
2025-08-12,2Y,2027-08-12,0.007455306585881338,0.007455306585881338
2025-08-13,3M,2025-11-13,0.004819569553460984,0.004819569553460984
2025-08-13,6M,2026-02-13,0.007037429960683209,0.007037429960683209
2025-08-13,1Y,2026-08-13,0.006922119133968179,0.006922119133968179
2025-08-13,2Y,2027-08-13,0.0074407855947265025,0.0074407855947265025
2025-08-14,3M,2025-11-14,0.004888756991438705,0.004888756991438705
2025-08-14,6M,2026-02-14,0.007084479343638544,0.007084479343638544
2025-08-14,1Y,2026-08-14,0.0069160211847943374,0.0069160211847943374
2025-08-14,2Y,2027-08-14,0.0073870020686812865,0.0073870020686812865
2025-08-15,3M,2025-11-15,0.004835488358206031,0.004835488358206031
2025-08-15,6M,2026-02-15,0.006990422663266581,0.006990422663266581
2025-08-15,1Y,2026-08-15,0.006810035741957785,0.006810035741957785
2025-08-15,2Y,2027-08-15,0.007297356918901207,0.007297356918901207
2025-08-18,3M,2025-11-18,0.00483225233224938,0.00483225233224938
2025-08-18,6M,2026-02-18,0.007044137396989128,0.007044137396989128
2025-08-18,1Y,2026-08-18,0.0068672666119458095,0.0068672666119458095
2025-08-18,2Y,2027-08-18,0.007334938196173065,0.007334938196173065
2025-08-19,3M,2025-11-19,0.004845679777311819,0.004845679777311819
2025-08-19,6M,2026-02-19,0.007128321237855559,0.007128321237855559
2025-08-19,1Y,2026-08-19,0.00690376075036146,0.00690376075036146
2025-08-19,2Y,2027-08-19,0.00743439119606734,0.00743439119606734
2025-08-20,3M,2025-11-20,0.0050432169197892306,0.0050432169197892306
2025-08-20,6M,2026-02-20,0.007196740984531571,0.007196740984531571
2025-08-20,1Y,2026-08-20,0.007025271786642857,0.007025271786642857
2025-08-20,2Y,2027-08-20,0.007429608318710491,0.007429608318710491
2025-08-21,3M,2025-11-21,0.00499440953000501,0.00499440953000501
2025-08-21,6M,2026-02-21,0.007123940159468453,0.007123940159468453
2025-08-21,1Y,2026-08-21,0.006956287469168093,0.006956287469168093
2025-08-21,2Y,2027-08-21,0.0073846562741713435,0.0073846562741713435
2025-08-22,3M,2025-11-22,0.005037923263329748,0.005037923263329748
2025-08-22,6M,2026-02-22,0.007189610583593968,0.007189610583593968
2025-08-22,1Y,2026-08-22,0.007050149198374702,0.007050149198374702
2025-08-22,2Y,2027-08-22,0.007385723000139373,0.007385723000139373
2025-08-25,3M,2025-11-25,0.00492538733238999,0.00492538733238999
2025-08-25,6M,2026-02-25,0.007156426555128004,0.007156426555128004
2025-08-25,1Y,2026-08-25,0.007019962266562261,0.007019962266562261
2025-08-25,2Y,2027-08-25,0.007366687744301657,0.007366687744301657
2025-08-26,3M,2025-11-26,0.005329335496765566,0.005329335496765566
2025-08-26,6M,2026-02-26,0.007400298852780729,0.007400298852780729
2025-08-26,1Y,2026-08-26,0.0071212177371371855,0.0071212177371371855
2025-08-26,2Y,2027-08-26,0.007504500047866278,0.007504500047866278
2025-08-27,3M,2025-11-27,0.005443999203075899,0.005443999203075899
2025-08-27,6M,2026-02-27,0.007477692694648413,0.007477692694648413
2025-08-27,1Y,2026-08-27,0.0072837173358577855,0.0072837173358577855
2025-08-27,2Y,2027-08-27,0.007620572845330983,0.007620572845330983
2025-08-28,3M,2025-11-28,0.0054327790949213585,0.0054327790949213585
2025-08-28,6M,2026-02-28,0.007612737266300296,0.007612737266300296
2025-08-28,1Y,2026-08-28,0.007298167797235011,0.007298167797235011
2025-08-28,2Y,2027-08-28,0.007672236125695581,0.007672236125695581
2025-08-29,3M,2025-11-29,0.005449670337502145,0.005449670337502145
2025-08-29,6M,2026-02-28,0.007636030460164617,0.007636030460164617
2025-08-29,1Y,2026-08-29,0.0073644121451496534,0.0073644121451496534
2025-08-29,2Y,2027-08-29,0.0076748951543074324,0.0076748951543074324
2025-09-02,3M,2025-12-02,0.005561870033280658,0.005561870033280658
2025-09-02,6M,2026-03-02,0.00786679813127208,0.00786679813127208
2025-09-02,1Y,2026-09-02,0.007483099257017791,0.007483099257017791
2025-09-02,2Y,2027-09-02,0.007691459199753756,0.007691459199753756
2025-09-03,3M,2025-12-03,0.00537910924875098,0.00537910924875098
2025-09-03,6M,2026-03-03,0.007870393752399256,0.007870393752399256
2025-09-03,1Y,2026-09-03,0.007468702115448771,0.007468702115448771
2025-09-03,2Y,2027-09-03,0.007794025601156053,0.007794025601156053
2025-09-04,3M,2025-12-04,0.005314064810575223,0.005314064810575223
2025-09-04,6M,2026-03-04,0.007804955089839805,0.007804955089839805
2025-09-04,1Y,2026-09-04,0.007449662743863208,0.007449662743863208
2025-09-04,2Y,2027-09-04,0.007935580829921827,0.007935580829921827
2025-09-05,3M,2025-12-05,0.005228932601079026,0.005228932601079026
2025-09-05,6M,2026-03-05,0.008021710417239036,0.008021710417239036
2025-09-05,1Y,2026-09-05,0.007617962076981767,0.007617962076981767
2025-09-05,2Y,2027-09-05,0.00807583934957605,0.00807583934957605
2025-09-08,3M,2025-12-08,0.0050641249428530835,0.0050641249428530835
2025-09-08,6M,2026-03-08,0.007875532086325097,0.007875532086325097
2025-09-08,1Y,2026-09-08,0.007573229856959332,0.007573229856959332
2025-09-08,2Y,2027-09-08,0.008156185699797428,0.008156185699797428
2025-09-09,3M,2025-12-09,0.005075816370699906,0.005075816370699906
2025-09-09,6M,2026-03-09,0.00783660228882542,0.00783660228882542
2025-09-09,1Y,2026-09-09,0.007605438930997356,0.007605438930997356
2025-09-09,2Y,2027-09-09,0.00827971093859456,0.00827971093859456
2025-09-10,3M,2025-12-10,0.004747963383082601,0.004747963383082601
2025-09-10,6M,2026-03-10,0.00792752105014167,0.00792752105014167
2025-09-10,1Y,2026-09-10,0.007757009257180406,0.007757009257180406
2025-09-10,2Y,2027-09-10,0.008268308155021178,0.008268308155021178
2025-09-11,3M,2025-12-11,0.004935232163720393,0.004935232163720393
2025-09-11,6M,2026-03-11,0.007993268559570508,0.007993268559570508
2025-09-11,1Y,2026-09-11,0.007726198228747382,0.007726198228747382
2025-09-11,2Y,2027-09-11,0.008300308333984393,0.008300308333984393
2025-09-12,3M,2025-12-12,0.005572715718469024,0.005572715718469024
2025-09-12,6M,2026-03-12,0.008060835951149014,0.008060835951149014
2025-09-12,1Y,2026-09-12,0.007784196889294076,0.007784196889294076
2025-09-12,2Y,2027-09-12,0.008403920099222776,0.008403920099222776
2025-09-15,3M,2025-12-15,0.0059632973339954366,0.0059632973339954366
2025-09-15,6M,2026-03-15,0.008425135888169772,0.008425135888169772
2025-09-15,1Y,2026-09-15,0.008158180950035208,0.008158180950035208
2025-09-15,2Y,2027-09-15,0.008561816571314218,0.008561816571314218
2025-09-16,3M,2025-12-16,0.0059055126318521955,0.0059055126318521955
2025-09-16,6M,2026-03-16,0.008281801813801518,0.008281801813801518
2025-09-16,1Y,2026-09-16,0.0078937409435722,0.0078937409435722
2025-09-16,2Y,2027-09-16,0.008455280131749959,0.008455280131749959
2025-09-17,3M,2025-12-17,0.006005861790535773,0.006005861790535773
2025-09-17,6M,2026-03-17,0.008133465967584548,0.008133465967584548
2025-09-17,1Y,2026-09-17,0.007745055955535202,0.007745055955535202
2025-09-17,2Y,2027-09-17,0.008362378209581496,0.008362378209581496
2025-09-18,3M,2025-12-18,0.005965450370000742,0.005965450370000742
2025-09-18,6M,2026-03-18,0.007935140378848893,0.007935140378848893
2025-09-18,1Y,2026-09-18,0.007526483149294322,0.007526483149294322
2025-09-18,2Y,2027-09-18,0.008153861619944025,0.008153861619944025
2025-09-19,3M,2025-12-19,0.00657548444352316,0.00657548444352316
2025-09-19,6M,2026-03-19,0.00791821934040311,0.00791821934040311
2025-09-19,1Y,2026-09-19,0.007519495546634463,0.007519495546634463
2025-09-19,2Y,2027-09-19,0.008150260901548259,0.008150260901548259
2025-09-22,3M,2025-12-22,0.0061910493772067594,0.0061910493772067594
2025-09-22,6M,2026-03-22,0.008020726960864168,0.008020726960864168
2025-09-22,1Y,2026-09-22,0.00762091082392068,0.00762091082392068
2025-09-22,2Y,2027-09-22,0.00819273055773447,0.00819273055773447
2025-09-23,3M,2025-12-23,0.00597438688875654,0.00597438688875654
2025-09-23,6M,2026-03-23,0.00827253378472039,0.00827253378472039
2025-09-23,1Y,2026-09-23,0.007687240308374447,0.007687240308374447
2025-09-23,2Y,2027-09-23,0.008208041150262474,0.008208041150262474
2025-09-24,3M,2025-12-24,0.006539541520522122,0.006539541520522122
2025-09-24,6M,2026-03-24,0.008406026579528379,0.008406026579528379
2025-09-24,1Y,2026-09-24,0.007654431095548869,0.007654431095548869
2025-09-24,2Y,2027-09-24,0.008198242421503561,0.008198242421503561
2025-09-25,3M,2025-12-25,0.0067595734299712865,0.0067595734299712865
2025-09-25,6M,2026-03-25,0.008359148558730456,0.008359148558730456
2025-09-25,1Y,2026-09-25,0.007692776631440737,0.007692776631440737
2025-09-25,2Y,2027-09-25,0.008222659868657637,0.008222659868657637
2025-09-26,3M,2025-12-26,0.007024498446765262,0.007024498446765262
2025-09-26,6M,2026-03-26,0.008322465981968272,0.008322465981968272
2025-09-26,1Y,2026-09-26,0.007715311027172668,0.007715311027172668
2025-09-26,2Y,2027-09-26,0.00821388746888032,0.00821388746888032
2025-09-29,3M,2025-12-29,0.006843480905647955,0.006843480905647955
2025-09-29,6M,2026-03-29,0.008380498509136147,0.008380498509136147
2025-09-29,1Y,2026-09-29,0.00773053510880666,0.00773053510880666
2025-09-29,2Y,2027-09-29,0.008231761097891581,0.008231761097891581
2025-09-30,3M,2025-12-30,0.00694768604996926,0.00694768604996926
2025-09-30,6M,2026-03-30,0.008334721716284185,0.008334721716284185
2025-09-30,1Y,2026-09-30,0.007691371517636079,0.007691371517636079
2025-09-30,2Y,2027-09-30,0.008146860152153188,0.008146860152153188
2025-10-01,3M,2026-01-01,0.006897452335669711,0.006897452335669711
2025-10-01,6M,2026-04-01,0.007789661838491994,0.007789661838491994
2025-10-01,1Y,2026-10-01,0.007377581158847877,0.007377581158847877
2025-10-01,2Y,2027-10-01,0.007970220634199778,0.007970220634199778
2025-10-02,3M,2026-01-02,0.006754730696779218,0.006754730696779218
2025-10-02,6M,2026-04-02,0.007620335844906123,0.007620335844906123
2025-10-02,1Y,2026-10-02,0.007305440077406826,0.007305440077406826
2025-10-02,2Y,2027-10-02,0.007907488376002749,0.007907488376002749
2025-10-03,3M,2026-01-03,0.007076253430280406,0.007076253430280406
2025-10-03,6M,2026-04-03,0.0076521520084396055,0.0076521520084396055
2025-10-03,1Y,2026-10-03,0.007276308365221312,0.007276308365221312
2025-10-03,2Y,2027-10-03,0.007889268221937017,0.007889268221937017
2025-10-06,3M,2026-01-06,0.0072164142397501425,0.0072164142397501425
2025-10-06,6M,2026-04-06,0.007662865656546192,0.007662865656546192
2025-10-06,1Y,2026-10-06,0.007310281598627918,0.007310281598627918
2025-10-06,2Y,2027-10-06,0.007874143696119428,0.007874143696119428
2025-10-07,3M,2026-01-07,0.007185418936682151,0.007185418936682151
2025-10-07,6M,2026-04-07,0.007685153824513579,0.007685153824513579
2025-10-07,1Y,2026-10-07,0.007387188226412012,0.007387188226412012
2025-10-07,2Y,2027-10-07,0.007907335538892129,0.007907335538892129
2025-10-08,3M,2026-01-08,0.007638341209348382,0.007638341209348382
2025-10-08,6M,2026-04-08,0.007809470456173036,0.007809470456173036
2025-10-08,1Y,2026-10-08,0.007423806033081338,0.007423806033081338
2025-10-08,2Y,2027-10-08,0.007919880573678166,0.007919880573678166
2025-10-09,3M,2026-01-09,0.007739161021889778,0.007739161021889778
2025-10-09,6M,2026-04-09,0.007763485040812786,0.007763485040812786
2025-10-09,1Y,2026-10-09,0.00749792121655812,0.00749792121655812
2025-10-09,2Y,2027-10-09,0.007949025454028142,0.007949025454028142
2025-10-10,3M,2026-01-10,0.0075674975387790035,0.0075674975387790035
2025-10-10,6M,2026-04-10,0.007831187427463911,0.007831187427463911
2025-10-10,1Y,2026-10-10,0.007383654789997652,0.007383654789997652
2025-10-10,2Y,2027-10-10,0.007907850615422795,0.007907850615422795
2025-10-13,3M,2026-01-13,0.007702201689923045,0.007702201689923045
2025-10-13,6M,2026-04-13,0.0076450829971045076,0.0076450829971045076
2025-10-13,1Y,2026-10-13,0.007550597684611799,0.007550597684611799
2025-10-13,2Y,2027-10-13,0.007904938899260984,0.007904938899260984
2025-10-14,3M,2026-01-14,0.007718566079242808,0.007718566079242808
2025-10-14,6M,2026-04-14,0.007464974520033769,0.007464974520033769
2025-10-14,1Y,2026-10-14,0.007237632710173856,0.007237632710173856
2025-10-14,2Y,2027-10-14,0.007900272052998673,0.007900272052998673
2025-10-15,3M,2026-01-15,0.007983442037263781,0.007983442037263781
2025-10-15,6M,2026-04-15,0.00754635402873533,0.00754635402873533
2025-10-15,1Y,2026-10-15,0.007289086572056959,0.007289086572056959
2025-10-15,2Y,2027-10-15,0.007895689208111107,0.007895689208111107
2025-10-16,3M,2026-01-16,0.008287662286035356,0.008287662286035356
2025-10-16,6M,2026-04-16,0.007519211011978782,0.007519211011978782
2025-10-16,1Y,2026-10-16,0.007239478209672341,0.007239478209672341
2025-10-16,2Y,2027-10-16,0.007837102625328805,0.007837102625328805
2025-10-17,3M,2026-01-17,0.008338287890967851,0.008338287890967851
2025-10-17,6M,2026-04-17,0.007548911720327813,0.007548911720327813
2025-10-17,1Y,2026-10-17,0.007316542098016913,0.007316542098016913
2025-10-17,2Y,2027-10-17,0.007863278184751993,0.007863278184751993
2025-10-20,3M,2026-01-20,0.008776215268230789,0.008776215268230789
2025-10-20,6M,2026-04-20,0.007820357266817969,0.007820357266817969
2025-10-20,1Y,2026-10-20,0.007577820085551721,0.007577820085551721
2025-10-20,2Y,2027-10-20,0.007951387847061068,0.007951387847061068
2025-10-21,3M,2026-01-21,0.00878219463457605,0.00878219463457605
2025-10-21,6M,2026-04-21,0.007805358729200908,0.007805358729200908
2025-10-21,1Y,2026-10-21,0.007569410874480978,0.007569410874480978
2025-10-21,2Y,2027-10-21,0.008040360836196364,0.008040360836196364
2025-10-22,3M,2026-01-22,0.008768786584912225,0.008768786584912225
2025-10-22,6M,2026-04-22,0.007945253845644791,0.007945253845644791
2025-10-22,1Y,2026-10-22,0.00749249385094246,0.00749249385094246
2025-10-22,2Y,2027-10-22,0.008043862128815584,0.008043862128815584
2025-10-23,3M,2026-01-23,0.008794852468165582,0.008794852468165582
2025-10-23,6M,2026-04-23,0.007998810514319032,0.007998810514319032
2025-10-23,1Y,2026-10-23,0.0075298813164180484,0.0075298813164180484
2025-10-23,2Y,2027-10-23,0.008068613106481682,0.008068613106481682
2025-10-24,3M,2026-01-24,0.009424264973940636,0.009424264973940636
2025-10-24,6M,2026-04-24,0.008177303915475248,0.008177303915475248
2025-10-24,1Y,2026-10-24,0.007592463737251356,0.007592463737251356
2025-10-24,2Y,2027-10-24,0.008071666999772105,0.008071666999772105
2025-10-27,3M,2026-01-27,0.00940943057966955,0.00940943057966955
2025-10-27,6M,2026-04-27,0.008214153333894591,0.008214153333894591
2025-10-27,1Y,2026-10-27,0.007617202381308049,0.007617202381308049
2025-10-27,2Y,2027-10-27,0.008108775614097782,0.008108775614097782
2025-10-28,3M,2026-01-28,0.009220102118317221,0.009220102118317221
2025-10-28,6M,2026-04-28,0.00801755174752963,0.00801755174752963
2025-10-28,1Y,2026-10-28,0.007608821023415624,0.007608821023415624
2025-10-28,2Y,2027-10-28,0.008130851204284372,0.008130851204284372
2025-10-29,3M,2026-01-29,0.009138086178693626,0.009138086178693626
2025-10-29,6M,2026-04-29,0.008080496526209336,0.008080496526209336
2025-10-29,1Y,2026-10-29,0.007536707845686634,0.007536707845686634
2025-10-29,2Y,2027-10-29,0.008139685028998953,0.008139685028998953
2025-10-30,3M,2026-01-30,0.009472092373331052,0.009472092373331052
2025-10-30,6M,2026-04-30,0.00795652524148332,0.00795652524148332
2025-10-30,1Y,2026-10-30,0.007507867791541013,0.007507867791541013
2025-10-30,2Y,2027-10-30,0.008179665153487978,0.008179665153487978
2025-10-31,3M,2026-01-31,0.009452840693936098,0.009452840693936098
2025-10-31,6M,2026-04-30,0.00801325580077564,0.00801325580077564
2025-10-31,1Y,2026-10-31,0.007542767689054262,0.007542767689054262
2025-10-31,2Y,2027-10-31,0.008164354490597764,0.008164354490597764
2025-11-03,3M,2026-02-03,0.009435906930161471,0.009435906930161471
2025-11-03,6M,2026-05-03,0.007965200353473298,0.007965200353473298
2025-11-03,1Y,2026-11-03,0.007531165624142118,0.007531165624142118
2025-11-03,2Y,2027-11-03,0.00815275643767291,0.00815275643767291
2025-11-04,3M,2026-02-04,0.009289897648351005,0.009289897648351005
2025-11-04,6M,2026-05-04,0.008104925745750193,0.008104925745750193
2025-11-04,1Y,2026-11-04,0.007497782259587077,0.007497782259587077
2025-11-04,2Y,2027-11-04,0.008163000746269246,0.008163000746269246
2025-11-05,3M,2026-02-05,0.009699315011645082,0.009699315011645082
2025-11-05,6M,2026-05-05,0.008125637400243838,0.008125637400243838
2025-11-05,1Y,2026-11-05,0.007581656641396484,0.007581656641396484
2025-11-05,2Y,2027-11-05,0.008171399893495473,0.008171399893495473
2025-11-06,3M,2026-02-06,0.00998067164462187,0.00998067164462187
2025-11-06,6M,2026-05-06,0.008198203522239229,0.008198203522239229
2025-11-06,1Y,2026-11-06,0.007548751915674504,0.007548751915674504
2025-11-06,2Y,2027-11-06,0.008158560438457488,0.008158560438457488
2025-11-07,3M,2026-02-07,0.009906755663661239,0.009906755663661239
2025-11-07,6M,2026-05-07,0.0081291011036054,0.0081291011036054
2025-11-07,1Y,2026-11-07,0.007514298877381167,0.007514298877381167
2025-11-07,2Y,2027-11-07,0.008178374963837746,0.008178374963837746
2025-11-10,3M,2026-02-10,0.009886972614778559,0.009886972614778559
2025-11-10,6M,2026-05-10,0.008086979125352398,0.008086979125352398
2025-11-10,1Y,2026-11-10,0.007530106924097387,0.007530106924097387
2025-11-10,2Y,2027-11-10,0.008198963447751235,0.008198963447751235
2025-11-11,3M,2026-02-11,0.01044351685452932,0.01044351685452932
2025-11-11,6M,2026-05-11,0.008671451209947506,0.008671451209947506
2025-11-11,1Y,2026-11-11,0.00785803429625079,0.00785803429625079
2025-11-11,2Y,2027-11-11,0.008202701768342122,0.008202701768342122
2025-11-12,3M,2026-02-12,0.009741619585621666,0.009741619585621666
2025-11-12,6M,2026-05-12,0.008153349671987546,0.008153349671987546
2025-11-12,1Y,2026-11-12,0.007537241985579746,0.007537241985579746
2025-11-12,2Y,2027-11-12,0.008189002910117867,0.008189002910117867
2025-11-13,3M,2026-02-13,0.009613584428852255,0.009613584428852255
2025-11-13,6M,2026-05-13,0.008117446328166746,0.008117446328166746
2025-11-13,1Y,2026-11-13,0.0075771350748643045,0.0075771350748643045
2025-11-13,2Y,2027-11-13,0.00818993194466271,0.00818993194466271
2025-11-14,3M,2026-02-14,0.009646921161407505,0.009646921161407505
2025-11-14,6M,2026-05-14,0.008208301161586952,0.008208301161586952
2025-11-14,1Y,2026-11-14,0.007589402954245889,0.007589402954245889
2025-11-14,2Y,2027-11-14,0.008033826852522994,0.008033826852522994
2025-11-17,3M,2026-02-17,0.009533948934891671,0.009533948934891671
2025-11-17,6M,2026-05-17,0.008139715224940829,0.008139715224940829
2025-11-17,1Y,2026-11-17,0.0075499011773012305,0.0075499011773012305
2025-11-17,2Y,2027-11-17,0.008030238905935846,0.008030238905935846
2025-11-18,3M,2026-02-18,0.009402518722624436,0.009402518722624436
2025-11-18,6M,2026-05-18,0.008043490090267048,0.008043490090267048
2025-11-18,1Y,2026-11-18,0.007493177815666802,0.007493177815666802
2025-11-18,2Y,2027-11-18,0.007975680473060543,0.007975680473060543
2025-11-19,3M,2026-02-19,0.00963227688044823,0.00963227688044823
2025-11-19,6M,2026-05-19,0.007964652936205794,0.007964652936205794
2025-11-19,1Y,2026-11-19,0.007407581847350311,0.007407581847350311
2025-11-19,2Y,2027-11-19,0.007974860488576848,0.007974860488576848
2025-11-20,3M,2026-02-20,0.009328746474918277,0.009328746474918277
2025-11-20,6M,2026-05-20,0.007921523235710364,0.007921523235710364
2025-11-20,1Y,2026-11-20,0.007347326878049978,0.007347326878049978
2025-11-20,2Y,2027-11-20,0.00786732788059909,0.00786732788059909
2025-11-21,3M,2026-02-21,0.009398828403958516,0.009398828403958516
2025-11-21,6M,2026-05-21,0.007895954803176187,0.007895954803176187
2025-11-21,1Y,2026-11-21,0.007302794793370376,0.007302794793370376
2025-11-21,2Y,2027-11-21,0.007711819944710372,0.007711819944710372
2025-11-24,3M,2026-02-24,0.009396652172325212,0.009396652172325212
2025-11-24,6M,2026-05-24,0.007834564379043011,0.007834564379043011
2025-11-24,1Y,2026-11-24,0.007205216409949764,0.007205216409949764
2025-11-24,2Y,2027-11-24,0.007599321696339359,0.007599321696339359
2025-11-25,3M,2026-02-25,0.009272123156944105,0.009272123156944105
2025-11-25,6M,2026-05-25,0.007780342292867127,0.007780342292867127
2025-11-25,1Y,2026-11-25,0.0071180363966208025,0.0071180363966208025
2025-11-25,2Y,2027-11-25,0.007617259493862433,0.007617259493862433
2025-11-26,3M,2026-02-26,0.008953797658638697,0.008953797658638697
2025-11-26,6M,2026-05-26,0.007805648463853475,0.007805648463853475
2025-11-26,1Y,2026-11-26,0.0071457778896442895,0.0071457778896442895
2025-11-26,2Y,2027-11-26,0.007518980817361843,0.007518980817361843
2025-11-28,3M,2026-02-28,0.008853707151838097,0.008853707151838097
2025-11-28,6M,2026-05-28,0.007755199577753542,0.007755199577753542
2025-11-28,1Y,2026-11-28,0.00710378622396979,0.00710378622396979
2025-11-28,2Y,2027-11-28,0.007518936849690721,0.007518936849690721
2025-12-01,3M,2026-03-01,0.008747637787064633,0.008747637787064633
2025-12-01,6M,2026-06-01,0.007357968133519511,0.007357968133519511
2025-12-01,1Y,2026-12-01,0.0069400346117789126,0.0069400346117789126
2025-12-01,2Y,2027-12-01,0.007420573624924976,0.007420573624924976
2025-12-02,3M,2026-03-02,0.008712991806014272,0.008712991806014272
2025-12-02,6M,2026-06-02,0.007146472781843988,0.007146472781843988
2025-12-02,1Y,2026-12-02,0.006743818196259555,0.006743818196259555
2025-12-02,2Y,2027-12-02,0.0073315753562307705,0.0073315753562307705
2025-12-03,3M,2026-03-03,0.00844490218542145,0.00844490218542145
2025-12-03,6M,2026-06-03,0.007074816755261875,0.007074816755261875
2025-12-03,1Y,2026-12-03,0.0066920530180324496,0.0066920530180324496
2025-12-03,2Y,2027-12-03,0.007153399547502707,0.007153399547502707
2025-12-04,3M,2026-03-04,0.008472594230201715,0.008472594230201715
2025-12-04,6M,2026-06-04,0.007099171197164099,0.007099171197164099
2025-12-04,1Y,2026-12-04,0.006700369686153831,0.006700369686153831
2025-12-04,2Y,2027-12-04,0.007211002006623797,0.007211002006623797
2025-12-05,3M,2026-03-05,0.008619837199717716,0.008619837199717716
2025-12-05,6M,2026-06-05,0.007237934621215296,0.007237934621215296
2025-12-05,1Y,2026-12-05,0.0068901353631583085,0.0068901353631583085
2025-12-05,2Y,2027-12-05,0.007316512675349487,0.007316512675349487
2025-12-08,3M,2026-03-08,0.008560282847474213,0.008560282847474213
2025-12-08,6M,2026-06-08,0.007218743017842012,0.007218743017842012
2025-12-08,1Y,2026-12-08,0.006838221565358396,0.006838221565358396
2025-12-08,2Y,2027-12-08,0.007310317118320508,0.007310317118320508
2025-12-09,3M,2026-03-09,0.008863294708592973,0.008863294708592973
2025-12-09,6M,2026-06-09,0.007241680103505153,0.007241680103505153
2025-12-09,1Y,2026-12-09,0.006813765703633781,0.006813765703633781
2025-12-09,2Y,2027-12-09,0.0072135619325580744,0.0072135619325580744
2025-12-10,3M,2026-03-10,0.008671380660140584,0.008671380660140584
2025-12-10,6M,2026-06-10,0.0072798090939568075,0.0072798090939568075
2025-12-10,1Y,2026-12-10,0.006939829822271723,0.006939829822271723
2025-12-10,2Y,2027-12-10,0.007257356123945355,0.007257356123945355
2025-12-11,3M,2026-03-11,0.008834351909255538,0.008834351909255538
2025-12-11,6M,2026-06-11,0.007229580365492273,0.007229580365492273
2025-12-11,1Y,2026-12-11,0.006826103543461694,0.006826103543461694
2025-12-11,2Y,2027-12-11,0.007197180793416348,0.007197180793416348
2025-12-12,3M,2026-03-12,0.009398314937711993,0.009398314937711993
2025-12-12,6M,2026-06-12,0.0073710935991685485,0.0073710935991685485
2025-12-12,1Y,2026-12-12,0.006996225960824469,0.006996225960824469
2025-12-12,2Y,2027-12-12,0.007206374086994359,0.007206374086994359
2025-12-15,3M,2026-03-15,0.008968967346677374,0.008968967346677374
2025-12-15,6M,2026-06-15,0.007198451030826477,0.007198451030826477
2025-12-15,1Y,2026-12-15,0.0067642384222038636,0.0067642384222038636
2025-12-15,2Y,2027-12-15,0.007137011087526676,0.007137011087526676
2025-12-16,3M,2026-03-16,0.007798976493608872,0.007798976493608872
2025-12-16,6M,2026-06-16,0.006811654694651696,0.006811654694651696
2025-12-16,1Y,2026-12-16,0.006375427555911774,0.006375427555911774
2025-12-16,2Y,2027-12-16,0.006911372905625051,0.006911372905625051
2025-12-17,3M,2026-03-17,0.006125035559622892,0.006125035559622892
2025-12-17,6M,2026-06-17,0.005906114503203495,0.005906114503203495
2025-12-17,1Y,2026-12-17,0.005833384024110211,0.005833384024110211
2025-12-17,2Y,2027-12-17,0.006398342305339996,0.006398342305339996
2025-12-18,3M,2026-03-18,0.006399194492713435,0.006399194492713435
2025-12-18,6M,2026-06-18,0.0058493178387711954,0.0058493178387711954
2025-12-18,1Y,2026-12-18,0.005843159314277535,0.005843159314277535
2025-12-18,2Y,2027-12-18,0.006458932181058207,0.006458932181058207
2025-12-19,3M,2026-03-19,0.006418214996596691,0.006418214996596691
2025-12-19,6M,2026-06-19,0.006049992046981074,0.006049992046981074
2025-12-19,1Y,2026-12-19,0.006169709450896242,0.006169709450896242
2025-12-19,2Y,2027-12-19,0.006580536561189976,0.006580536561189976
2025-12-22,3M,2026-03-22,0.006460551222667037,0.006460551222667037
2025-12-22,6M,2026-06-22,0.0061466699941116155,0.0061466699941116155
2025-12-22,1Y,2026-12-22,0.006150627001561345,0.006150627001561345
2025-12-22,2Y,2027-12-22,0.006717601719811176,0.006717601719811176
2025-12-23,3M,2026-03-23,0.006242011129090829,0.006242011129090829
2025-12-23,6M,2026-06-23,0.005908636707319131,0.005908636707319131
2025-12-23,1Y,2026-12-23,0.006008889630990117,0.006008889630990117
2025-12-23,2Y,2027-12-23,0.006807371756119538,0.006807371756119538
2025-12-24,3M,2026-03-24,0.005691673507076038,0.005691673507076038
2025-12-24,6M,2026-06-24,0.005932349182178972,0.005932349182178972
2025-12-24,1Y,2026-12-24,0.005998764865757126,0.005998764865757126
2025-12-24,2Y,2027-12-24,0.006830416113577941,0.006830416113577941
2025-12-26,3M,2026-03-26,0.005559115034713552,0.005559115034713552
2025-12-26,6M,2026-06-26,0.005980365683209382,0.005980365683209382
2025-12-26,1Y,2026-12-26,0.006072052479830992,0.006072052479830992
2025-12-26,2Y,2027-12-26,0.006830046718853202,0.006830046718853202
2025-12-29,3M,2026-03-29,0.005949559917374205,0.005949559917374205
2025-12-29,6M,2026-06-29,0.005995309805271287,0.005995309805271287
2025-12-29,1Y,2026-12-29,0.005953191560112535,0.005953191560112535
2025-12-29,2Y,2027-12-29,0.006606061597545528,0.006606061597545528
2025-12-30,3M,2026-03-30,0.00601713310467991,0.00601713310467991
2025-12-30,6M,2026-06-30,0.006100812436958568,0.006100812436958568
2025-12-30,1Y,2026-12-30,0.006038945339612904,0.006038945339612904
2025-12-30,2Y,2027-12-30,0.006767439375230541,0.006767439375230541
2025-12-31,3M,2026-03-31,0.0057503618275718356,0.0057503618275718356
2025-12-31,6M,2026-06-30,0.005795384096171303,0.005795384096171303
2025-12-31,1Y,2026-12-31,0.006046451834641785,0.006046451834641785
2025-12-31,2Y,2027-12-31,0.006736799054455003,0.006736799054455003
2026-01-02,3M,2026-04-02,0.005208119421777764,0.005208119421777764
2026-01-02,6M,2026-07-02,0.005590011549796376,0.005590011549796376
2026-01-02,1Y,2027-01-02,0.0058047296373221705,0.0058047296373221705
2026-01-02,2Y,2028-01-02,0.006536332572350295,0.006536332572350295
2026-01-05,3M,2026-04-05,0.0051697601697544456,0.0051697601697544456
2026-01-05,6M,2026-07-05,0.005606554849287794,0.005606554849287794
2026-01-05,1Y,2027-01-05,0.006015832651273158,0.006015832651273158
2026-01-05,2Y,2028-01-05,0.006435573180976269,0.006435573180976269
2026-01-06,3M,2026-04-06,0.0049713038496477435,0.0049713038496477435
2026-01-06,6M,2026-07-06,0.005588268592692543,0.005588268592692543
2026-01-06,1Y,2027-01-06,0.006026897163819822,0.006026897163819822
2026-01-06,2Y,2028-01-06,0.006444565425698265,0.006444565425698265
2026-01-07,3M,2026-04-07,0.004663985464644839,0.004663985464644839
2026-01-07,6M,2026-07-07,0.005471889675386932,0.005471889675386932
2026-01-07,1Y,2027-01-07,0.005914254999351106,0.005914254999351106
2026-01-07,2Y,2028-01-07,0.006238559477906053,0.006238559477906053
2026-01-08,3M,2026-04-08,0.004893687398180247,0.004893687398180247
2026-01-08,6M,2026-07-08,0.005168781961396113,0.005168781961396113
2026-01-08,1Y,2027-01-08,0.005915742026381646,0.005915742026381646
2026-01-08,2Y,2028-01-08,0.006243524815171299,0.006243524815171299
2026-01-09,3M,2026-04-09,0.004829278374367313,0.004829278374367313
2026-01-09,6M,2026-07-09,0.005204766339854679,0.005204766339854679
2026-01-09,1Y,2027-01-09,0.005978380174120964,0.005978380174120964
2026-01-09,2Y,2028-01-09,0.006433615051949602,0.006433615051949602
2026-01-12,3M,2026-04-12,0.004860919042112833,0.004860919042112833
2026-01-12,6M,2026-07-12,0.005163438550553901,0.005163438550553901
2026-01-12,1Y,2027-01-12,0.0059372045949970115,0.0059372045949970115
2026-01-12,2Y,2028-01-12,0.006439195059147499,0.006439195059147499
2026-01-13,3M,2026-04-13,0.004879807123955694,0.004879807123955694
2026-01-13,6M,2026-07-13,0.0051528007825668585,0.0051528007825668585
2026-01-13,1Y,2027-01-13,0.005953833111085744,0.005953833111085744
2026-01-13,2Y,2028-01-13,0.006440737282496613,0.006440737282496613
2026-01-14,3M,2026-04-14,0.005343307454077169,0.005343307454077169
2026-01-14,6M,2026-07-14,0.005374365171729475,0.005374365171729475
2026-01-14,1Y,2027-01-14,0.006115394478997722,0.006115394478997722
2026-01-14,2Y,2028-01-14,0.006436835598950913,0.006436835598950913
2026-01-15,3M,2026-04-15,0.005559210526410017,0.005559210526410017
2026-01-15,6M,2026-07-15,0.005674914572407981,0.005674914572407981
2026-01-15,1Y,2027-01-15,0.006176967163900612,0.006176967163900612
2026-01-15,2Y,2028-01-15,0.00645685155428776,0.00645685155428776
2026-01-16,3M,2026-04-16,0.006263886307680062,0.006263886307680062
2026-01-16,6M,2026-07-16,0.00578962914554004,0.00578962914554004
2026-01-16,1Y,2027-01-16,0.006526586883405288,0.006526586883405288
2026-01-16,2Y,2028-01-16,0.006655483855952394,0.006655483855952394
2026-01-20,3M,2026-04-20,0.005392117974899844,0.005392117974899844
2026-01-20,6M,2026-07-20,0.005498289846930706,0.005498289846930706
2026-01-20,1Y,2027-01-20,0.0063235385056088075,0.0063235385056088075
2026-01-20,2Y,2028-01-20,0.006542867090864481,0.006542867090864481
2026-01-21,3M,2026-04-21,0.006084839121200714,0.006084839121200714
2026-01-21,6M,2026-07-21,0.005744805078001946,0.005744805078001946
2026-01-21,1Y,2027-01-21,0.006341260872735558,0.006341260872735558
2026-01-21,2Y,2028-01-21,0.006523284246292105,0.006523284246292105
2026-01-22,3M,2026-04-22,0.006059742729366531,0.006059742729366531
2026-01-22,6M,2026-07-22,0.0057910696096945295,0.0057910696096945295
2026-01-22,1Y,2027-01-22,0.006361321243493922,0.006361321243493922
2026-01-22,2Y,2028-01-22,0.006713883365941448,0.006713883365941448
2026-01-23,3M,2026-04-23,0.0057660832606487,0.0057660832606487
2026-01-23,6M,2026-07-23,0.005803481516628492,0.005803481516628492
2026-01-23,1Y,2027-01-23,0.006394893986972717,0.006394893986972717
2026-01-23,2Y,2028-01-23,0.00662698768479885,0.00662698768479885
2026-01-26,3M,2026-04-26,0.005806922302487436,0.005806922302487436
2026-01-26,6M,2026-07-26,0.005792665145773752,0.005792665145773752
2026-01-26,1Y,2027-01-26,0.0063575217828818606,0.0063575217828818606
2026-01-26,2Y,2028-01-26,0.0066187369298085635,0.0066187369298085635
2026-01-27,3M,2026-04-27,0.005796743314523606,0.005796743314523606
2026-01-27,6M,2026-07-27,0.005808083205530524,0.005808083205530524
2026-01-27,1Y,2027-01-27,0.006367692240326058,0.006367692240326058
2026-01-27,2Y,2028-01-27,0.006696253758529068,0.006696253758529068
2026-01-28,3M,2026-04-28,0.005644158891108399,0.005644158891108399
2026-01-28,6M,2026-07-28,0.005873689286059444,0.005873689286059444
2026-01-28,1Y,2027-01-28,0.0064165525022117425,0.0064165525022117425
2026-01-28,2Y,2028-01-28,0.006712989789875885,0.006712989789875885
2026-01-29,3M,2026-04-29,0.005643148521663209,0.005643148521663209
2026-01-29,6M,2026-07-29,0.0058228477091501266,0.0058228477091501266
2026-01-29,1Y,2027-01-29,0.006434836399695206,0.006434836399695206
2026-01-29,2Y,2028-01-29,0.0067206177695879705,0.0067206177695879705
2026-01-30,3M,2026-04-30,0.005331045491648919,0.005331045491648919
2026-01-30,6M,2026-07-30,0.005721858096209954,0.005721858096209954
2026-01-30,1Y,2027-01-30,0.0064934431004810035,0.0064934431004810035
2026-01-30,2Y,2028-01-30,0.006658657917234718,0.006658657917234718
2026-02-02,3M,2026-05-02,0.005548817296476395,0.005548817296476395
2026-02-02,6M,2026-08-02,0.00574470692195725,0.00574470692195725
2026-02-02,1Y,2027-02-02,0.006522438312171395,0.006522438312171395
2026-02-02,2Y,2028-02-02,0.006646242662815002,0.006646242662815002
2026-02-03,3M,2026-05-03,0.005443387143345175,0.005443387143345175
2026-02-03,6M,2026-08-03,0.005686318751164337,0.005686318751164337
2026-02-03,1Y,2027-02-03,0.006513611208718326,0.006513611208718326
2026-02-03,2Y,2028-02-03,0.006625967438603502,0.006625967438603502
2026-02-04,3M,2026-05-04,0.005513420959717077,0.005513420959717077
2026-02-04,6M,2026-08-04,0.0056905489071600954,0.0056905489071600954
2026-02-04,1Y,2027-02-04,0.00653721049304767,0.00653721049304767
2026-02-04,2Y,2028-02-04,0.006597748632865222,0.006597748632865222
2026-02-05,3M,2026-05-05,0.005556203632103674,0.005556203632103674
2026-02-05,6M,2026-08-05,0.005675646509199802,0.005675646509199802
2026-02-05,1Y,2027-02-05,0.006532993274543868,0.006532993274543868
2026-02-05,2Y,2028-02-05,0.006549736975391764,0.006549736975391764
2026-02-06,3M,2026-05-06,0.005378513507931232,0.005378513507931232
2026-02-06,6M,2026-08-06,0.005677496572758867,0.005677496572758867
2026-02-06,1Y,2027-02-06,0.006616157193354471,0.006616157193354471
2026-02-06,2Y,2028-02-06,0.006610569848045133,0.006610569848045133
2026-02-09,3M,2026-05-09,0.004976170403571063,0.004976170403571063
2026-02-09,6M,2026-08-09,0.005491445738528035,0.005491445738528035
2026-02-09,1Y,2027-02-09,0.006701803617263216,0.006701803617263216
2026-02-09,2Y,2028-02-09,0.006590647764556847,0.006590647764556847
2026-02-10,3M,2026-05-10,0.005065573400838837,0.005065573400838837
2026-02-10,6M,2026-08-10,0.005608737516533433,0.005608737516533433
2026-02-10,1Y,2027-02-10,0.0066680721639299145,0.0066680721639299145
2026-02-10,2Y,2028-02-10,0.006499752959040778,0.006499752959040778
2026-02-11,3M,2026-05-11,0.004700190814590678,0.004700190814590678
2026-02-11,6M,2026-08-11,0.005420812561139163,0.005420812561139163
2026-02-11,1Y,2027-02-11,0.006347144403599367,0.006347144403599367
2026-02-11,2Y,2028-02-11,0.006432405336987773,0.006432405336987773
2026-02-12,3M,2026-05-12,0.004634944211231348,0.004634944211231348
2026-02-12,6M,2026-08-12,0.005290415018530804,0.005290415018530804
2026-02-12,1Y,2027-02-12,0.006330132560456422,0.006330132560456422
2026-02-12,2Y,2028-02-12,0.006428616288794331,0.006428616288794331
2026-02-13,3M,2026-05-13,0.004512831797624652,0.004512831797624652
2026-02-13,6M,2026-08-13,0.005114582282973658,0.005114582282973658
2026-02-13,1Y,2027-02-13,0.0062942629316359465,0.0062942629316359465
2026-02-13,2Y,2028-02-13,0.0064139877933103,0.0064139877933103
2026-02-17,3M,2026-05-17,0.004619046338992417,0.004619046338992417
2026-02-17,6M,2026-08-17,0.00508582862216449,0.00508582862216449
2026-02-17,1Y,2027-02-17,0.006275469450485862,0.006275469450485862
2026-02-17,2Y,2028-02-17,0.006404666162297856,0.006404666162297856
2026-02-18,3M,2026-05-18,0.004579578751680326,0.004579578751680326
2026-02-18,6M,2026-08-18,0.005057876886405514,0.005057876886405514
2026-02-18,1Y,2027-02-18,0.006266082538500468,0.006266082538500468
2026-02-18,2Y,2028-02-18,0.006392164514810486,0.006392164514810486
2026-02-19,3M,2026-05-19,0.004320400327652396,0.004320400327652396
2026-02-19,6M,2026-08-19,0.00499651901645864,0.00499651901645864
2026-02-19,1Y,2027-02-19,0.006202651565827773,0.006202651565827773
2026-02-19,2Y,2028-02-19,0.006346381086269399,0.006346381086269399
2026-02-20,3M,2026-05-20,0.004588556087523703,0.004588556087523703
2026-02-20,6M,2026-08-20,0.005081958001651211,0.005081958001651211
2026-02-20,1Y,2027-02-20,0.006207114315338445,0.006207114315338445
2026-02-20,2Y,2028-02-20,0.006331851254647656,0.006331851254647656
2026-02-23,3M,2026-05-23,0.0043653168830126345,0.0043653168830126345
2026-02-23,6M,2026-08-23,0.004914918069852789,0.004914918069852789
2026-02-23,1Y,2027-02-23,0.006170149232290765,0.006170149232290765
2026-02-23,2Y,2028-02-23,0.006185531411021136,0.006185531411021136
2026-02-24,3M,2026-05-24,0.004752856459503204,0.004752856459503204
2026-02-24,6M,2026-08-24,0.004971888594781984,0.004971888594781984
2026-02-24,1Y,2027-02-24,0.006220013346421876,0.006220013346421876
2026-02-24,2Y,2028-02-24,0.006192208838106645,0.006192208838106645
2026-02-25,3M,2026-05-25,0.004835752372221527,0.004835752372221527
2026-02-25,6M,2026-08-25,0.005045032678793146,0.005045032678793146
2026-02-25,1Y,2027-02-25,0.006262714410293272,0.006262714410293272
2026-02-25,2Y,2028-02-25,0.006306941170855023,0.006306941170855023
2026-02-26,3M,2026-05-26,0.004789290722605142,0.004789290722605142
2026-02-26,6M,2026-08-26,0.005115129307550734,0.005115129307550734
2026-02-26,1Y,2027-02-26,0.0061052367096134106,0.0061052367096134106
2026-02-26,2Y,2028-02-26,0.006272953773182877,0.006272953773182877
2026-02-27,3M,2026-05-27,0.004855520391358791,0.004855520391358791
2026-02-27,6M,2026-08-27,0.005135914749928718,0.005135914749928718
2026-02-27,1Y,2027-02-27,0.006120697330475198,0.006120697330475198
2026-02-27,2Y,2028-02-27,0.00628604556587866,0.00628604556587866
2026-03-02,3M,2026-06-02,0.0046658544656275275,0.0046658544656275275
2026-03-02,6M,2026-09-02,0.004963811878930487,0.004963811878930487
2026-03-02,1Y,2027-03-02,0.0060956009886044904,0.0060956009886044904
2026-03-02,2Y,2028-03-02,0.006183877274520716,0.006183877274520716
2026-03-03,3M,2026-06-03,0.004314063165856233,0.004314063165856233
2026-03-03,6M,2026-09-03,0.004867006937659098,0.004867006937659098
2026-03-03,1Y,2027-03-03,0.006023791979045674,0.006023791979045674
2026-03-03,2Y,2028-03-03,0.006091843876844614,0.006091843876844614
2026-03-04,3M,2026-06-04,0.004382599649439524,0.004382599649439524
2026-03-04,6M,2026-09-04,0.004864688888421793,0.004864688888421793
2026-03-04,1Y,2027-03-04,0.006042319171710292,0.006042319171710292
2026-03-04,2Y,2028-03-04,0.006086535563473119,0.006086535563473119
2026-03-05,3M,2026-06-05,0.004135210536156155,0.004135210536156155
2026-03-05,6M,2026-09-05,0.004752653689738107,0.004752653689738107
2026-03-05,1Y,2027-03-05,0.005840244312373219,0.005840244312373219
2026-03-05,2Y,2028-03-05,0.005945474261030774,0.005945474261030774
2026-03-06,3M,2026-06-06,0.0036964996376883255,0.0036964996376883255
2026-03-06,6M,2026-09-06,0.004551251304038068,0.004551251304038068
2026-03-06,1Y,2027-03-06,0.0057490356497813975,0.0057490356497813975
2026-03-06,2Y,2028-03-06,0.00589183360375585,0.00589183360375585
2026-03-09,3M,2026-06-09,0.003727396841577614,0.003727396841577614
2026-03-09,6M,2026-09-09,0.004438670132329184,0.004438670132329184
2026-03-09,1Y,2027-03-09,0.00553050580060425,0.00553050580060425
2026-03-09,2Y,2028-03-09,0.005800011358284143,0.005800011358284143
2026-03-10,3M,2026-06-10,0.004050564917740916,0.004050564917740916
2026-03-10,6M,2026-09-10,0.004575220176637068,0.004575220176637068
2026-03-10,1Y,2027-03-10,0.005554778857174778,0.005554778857174778
2026-03-10,2Y,2028-03-10,0.006014002473410279,0.006014002473410279
2026-03-11,3M,2026-06-11,0.003766189988256898,0.003766189988256898
2026-03-11,6M,2026-09-11,0.004419214844872726,0.004419214844872726
2026-03-11,1Y,2027-03-11,0.005415655908005037,0.005415655908005037
2026-03-11,2Y,2028-03-11,0.0057286377850983205,0.0057286377850983205
2026-03-12,3M,2026-06-12,0.003915270189486954,0.003915270189486954
2026-03-12,6M,2026-09-12,0.004437235984863939,0.004437235984863939
2026-03-12,1Y,2027-03-12,0.0055331600852155756,0.0055331600852155756
2026-03-12,2Y,2028-03-12,0.005918154098012356,0.005918154098012356
2026-03-13,3M,2026-06-13,0.004595161533398141,0.004595161533398141
2026-03-13,6M,2026-09-13,0.004337897246698105,0.004337897246698105
2026-03-13,1Y,2027-03-13,0.0054830417509440675,0.0054830417509440675
2026-03-13,2Y,2028-03-13,0.005900753317440265,0.005900753317440265
2026-03-16,3M,2026-06-16,0.00465863339350234,0.00465863339350234
2026-03-16,6M,2026-09-16,0.004402638429982153,0.004402638429982153
2026-03-16,1Y,2027-03-16,0.005551837272548213,0.005551837272548213
2026-03-16,2Y,2028-03-16,0.005924046754056141,0.005924046754056141
2026-03-17,3M,2026-06-17,0.0051578082876489375,0.0051578082876489375
2026-03-17,6M,2026-09-17,0.004599728619561635,0.004599728619561635
2026-03-17,1Y,2027-03-17,0.0057501048672121274,0.0057501048672121274
2026-03-17,2Y,2028-03-17,0.00600188638718912,0.00600188638718912
2026-03-18,3M,2026-06-18,0.005270655920871509,0.005270655920871509
2026-03-18,6M,2026-09-18,0.00479298363552089,0.00479298363552089
2026-03-18,1Y,2027-03-18,0.0056459833993576436,0.0056459833993576436
2026-03-18,2Y,2028-03-18,0.005970553963297983,0.005970553963297983
2026-03-19,3M,2026-06-19,0.005575899520370779,0.005575899520370779
2026-03-19,6M,2026-09-19,0.004799403812917703,0.004799403812917703
2026-03-19,1Y,2027-03-19,0.00563672326842797,0.00563672326842797
2026-03-19,2Y,2028-03-19,0.005920098217027317,0.005920098217027317
2026-03-20,3M,2026-06-20,0.005732590323563821,0.005732590323563821
2026-03-20,6M,2026-09-20,0.004883743462078784,0.004883743462078784
2026-03-20,1Y,2027-03-20,0.005684692877972484,0.005684692877972484
2026-03-20,2Y,2028-03-20,0.005949586089654726,0.005949586089654726
2026-03-23,3M,2026-06-23,0.006027927002155848,0.006027927002155848
2026-03-23,6M,2026-09-23,0.005507637737526702,0.005507637737526702
2026-03-23,1Y,2027-03-23,0.006110348087161315,0.006110348087161315
2026-03-23,2Y,2028-03-23,0.006233824451246011,0.006233824451246011
2026-03-24,3M,2026-06-24,0.005350491511426321,0.005350491511426321
2026-03-24,6M,2026-09-24,0.005067037061158715,0.005067037061158715
2026-03-24,1Y,2027-03-24,0.005944845856234349,0.005944845856234349
2026-03-24,2Y,2028-03-24,0.006139417288292911,0.006139417288292911
2026-03-25,3M,2026-06-25,0.005138245200151803,0.005138245200151803
2026-03-25,6M,2026-09-25,0.005139764214939418,0.005139764214939418
2026-03-25,1Y,2027-03-25,0.005980155023278101,0.005980155023278101
2026-03-25,2Y,2028-03-25,0.006207662654788782,0.006207662654788782
2026-03-26,3M,2026-06-26,0.0046244539861590465,0.0046244539861590465
2026-03-26,6M,2026-09-26,0.005091849769201325,0.005091849769201325
2026-03-26,1Y,2027-03-26,0.00600891270665131,0.00600891270665131
2026-03-26,2Y,2028-03-26,0.006214204256192104,0.006214204256192104
2026-03-27,3M,2026-06-27,0.004551855054635181,0.004551855054635181
2026-03-27,6M,2026-09-27,0.005074650647761536,0.005074650647761536
2026-03-27,1Y,2027-03-27,0.0060533080321169596,0.0060533080321169596
2026-03-27,2Y,2028-03-27,0.006220354644925674,0.006220354644925674
2026-03-30,3M,2026-06-30,0.005200463038569332,0.005200463038569332
2026-03-30,6M,2026-09-30,0.004953691497226403,0.004953691497226403
2026-03-30,1Y,2027-03-30,0.006048851017219804,0.006048851017219804
2026-03-30,2Y,2028-03-30,0.006374620897259566,0.006374620897259566
2026-03-31,3M,2026-06-30,0.005164427737747853,0.005164427737747853
2026-03-31,6M,2026-09-30,0.005389910289581874,0.005389910289581874
2026-03-31,1Y,2027-03-31,0.006360064255650807,0.006360064255650807
2026-03-31,2Y,2028-03-31,0.00642163811127403,0.00642163811127403
2026-04-01,3M,2026-07-01,0.0045866927626955776,0.0045866927626955776
2026-04-01,6M,2026-10-01,0.005165199134589191,0.005165199134589191
2026-04-01,1Y,2027-04-01,0.006159533301735126,0.006159533301735126
2026-04-01,2Y,2028-04-01,0.0064387547381002715,0.0064387547381002715
2026-04-02,3M,2026-07-02,0.004807872722138117,0.004807872722138117
2026-04-02,6M,2026-10-02,0.0050008398403240855,0.0050008398403240855
2026-04-02,1Y,2027-04-02,0.006186459511444786,0.006186459511444786
2026-04-02,2Y,2028-04-02,0.006494752859591291,0.006494752859591291
2026-04-06,3M,2026-07-06,0.004382539873177649,0.004382539873177649
2026-04-06,6M,2026-10-06,0.004976473261580167,0.004976473261580167
2026-04-06,1Y,2027-04-06,0.006161091211677272,0.006161091211677272
2026-04-06,2Y,2028-04-06,0.006505213938316984,0.006505213938316984
2026-04-07,3M,2026-07-07,0.004327665590111783,0.004327665590111783
2026-04-07,6M,2026-10-07,0.004966788130848745,0.004966788130848745
2026-04-07,1Y,2027-04-07,0.006070324254346803,0.006070324254346803
2026-04-07,2Y,2028-04-07,0.006438507416354692,0.006438507416354692
2026-04-08,3M,2026-07-08,0.005035546981380314,0.005035546981380314
2026-04-08,6M,2026-10-08,0.005235537481783243,0.005235537481783243
2026-04-08,1Y,2027-04-08,0.006372054064872693,0.006372054064872693
2026-04-08,2Y,2028-04-08,0.006651099278347747,0.006651099278347747
2026-04-09,3M,2026-07-09,0.004462328528094805,0.004462328528094805
2026-04-09,6M,2026-10-09,0.005057398705070308,0.005057398705070308
2026-04-09,1Y,2027-04-09,0.006365746513577791,0.006365746513577791
2026-04-09,2Y,2028-04-09,0.006665287433716498,0.006665287433716498
2026-04-10,3M,2026-07-10,0.004530409277325918,0.004530409277325918
2026-04-10,6M,2026-10-10,0.005093788017248834,0.005093788017248834
2026-04-10,1Y,2027-04-10,0.006448035278614065,0.006448035278614065
2026-04-10,2Y,2028-04-10,0.006722176655929486,0.006722176655929486
2026-04-13,3M,2026-07-13,0.004411042720436417,0.004411042720436417
2026-04-13,6M,2026-10-13,0.005078839116221391,0.005078839116221391
2026-04-13,1Y,2027-04-13,0.006416885500303124,0.006416885500303124
2026-04-13,2Y,2028-04-13,0.006749696470300624,0.006749696470300624
2026-04-14,3M,2026-07-14,0.004582510774799362,0.004582510774799362
2026-04-14,6M,2026-10-14,0.0051492066584263325,0.0051492066584263325
2026-04-14,1Y,2027-04-14,0.006421239381086309,0.006421239381086309
2026-04-14,2Y,2028-04-14,0.006717069124481462,0.006717069124481462
2026-04-15,3M,2026-07-15,0.004779265392941722,0.004779265392941722
2026-04-15,6M,2026-10-15,0.005197344042201334,0.005197344042201334
2026-04-15,1Y,2027-04-15,0.006500450587257647,0.006500450587257647
2026-04-15,2Y,2028-04-15,0.006787835796699526,0.006787835796699526
2026-04-16,3M,2026-07-16,0.004554798601322412,0.004554798601322412
2026-04-16,6M,2026-10-16,0.005262056515670353,0.005262056515670353
2026-04-16,1Y,2027-04-16,0.006502772480356453,0.006502772480356453
2026-04-16,2Y,2028-04-16,0.006817685082795537,0.006817685082795537
2026-04-17,3M,2026-07-17,0.005532190251921921,0.005532190251921921
2026-04-17,6M,2026-10-17,0.0055898834100624835,0.0055898834100624835
2026-04-17,1Y,2027-04-17,0.006563074788138279,0.006563074788138279
2026-04-17,2Y,2028-04-17,0.006834009048842549,0.006834009048842549
2026-04-20,3M,2026-07-20,0.005471055980753739,0.005471055980753739
2026-04-20,6M,2026-10-20,0.005570975553277481,0.005570975553277481
2026-04-20,1Y,2027-04-20,0.006551178716205423,0.006551178716205423
2026-04-20,2Y,2028-04-20,0.006798332308843765,0.006798332308843765
2026-04-21,3M,2026-07-21,0.005205518755518697,0.005205518755518697
2026-04-21,6M,2026-10-21,0.005474592056954634,0.005474592056954634
2026-04-21,1Y,2027-04-21,0.006511031086388824,0.006511031086388824
2026-04-21,2Y,2028-04-21,0.0067980088863792846,0.0067980088863792846
2026-04-22,3M,2026-07-22,0.005302499217212208,0.005302499217212208
2026-04-22,6M,2026-10-22,0.0054452301139959755,0.0054452301139959755
2026-04-22,1Y,2027-04-22,0.00650446880306994,0.00650446880306994
2026-04-22,2Y,2028-04-22,0.006834048531851325,0.006834048531851325
2026-04-23,3M,2026-07-23,0.005055034313268633,0.005055034313268633
2026-04-23,6M,2026-10-23,0.005416634606824022,0.005416634606824022
2026-04-23,1Y,2027-04-23,0.006297460276506841,0.006297460276506841
2026-04-23,2Y,2028-04-23,0.006598925030474174,0.006598925030474174
2026-04-24,3M,2026-07-24,0.005210917210296601,0.005210917210296601
2026-04-24,6M,2026-10-24,0.005363575389726396,0.005363575389726396
2026-04-24,1Y,2027-04-24,0.006269271120433967,0.006269271120433967
2026-04-24,2Y,2028-04-24,0.006552970780950901,0.006552970780950901
